subject_id,window_id,label,eda_mean,eda_std,eda_min,eda_max,temp_mean,temp_std,temp_min,temp_max
S2,0,0,4.786997749691918,0.10339484394049314,4.555511474609375,5.0945281982421875,29.18184919375465,0.07358796281033761,29.01177978515625,29.42620849609375
S2,1,0,4.388413801647368,0.12135916375740667,4.1278839111328125,4.671478271484375,28.947688241141183,0.05798929977966351,28.820953369140625,29.207275390625
S2,2,0,3.9853331429617747,0.10212429823387031,3.7715911865234375,4.2949676513671875,28.823520366850353,0.04631951071148717,28.727813720703125,29.037628173828125
S2,3,0,3.6881966545468283,0.08472462011715784,3.3115386962890625,3.919219970703125,28.793555848621185,0.035744871548837855,28.7020263671875,28.974456787109375
S2,4,0,3.406773158482143,0.0701394250445308,3.255462646484375,3.5915374755859375,28.802671178908575,0.03917897563251615,28.679107666015625,28.988800048828125
S2,5,0,3.221435801188151,0.0897074179097165,3.0269622802734375,3.4114837646484375,28.79684253365653,0.055217731846848354,28.640472412109375,29.023284912109375
S2,6,0,2.94435297648112,0.07367878074087385,2.783203125,3.134918212890625,28.710772603352865,0.03628457093329741,28.58465576171875,28.950042724609375
S2,7,0,2.7160279591878256,0.05931176341552893,2.5844573974609375,2.878570556640625,28.57741552734375,0.04220686690988071,28.44744873046875,28.81378173828125
S2,8,0,2.5300045013427734,0.05182618075025744,2.1892547607421875,2.69775390625,28.570329621814547,0.04089005388499299,28.44744873046875,28.820953369140625
S2,9,0,2.37248656863258,0.044278878121000585,2.1213531494140625,2.53143310546875,28.579189578101747,0.039449806509898315,28.41741943359375,28.7822265625
S2,10,0,2.240687016078404,0.03787230383842783,2.1076202392578125,2.40936279296875,28.4867630746024,0.04174437200448266,28.341766357421875,28.693450927734375
S2,11,0,2.127662131899879,0.03605283557283738,2.01568603515625,2.2918701171875,28.429088679722376,0.036867544565987086,28.278961181640625,28.65191650390625
S2,12,0,2.0195302145821707,0.033499487085496785,1.8291473388671875,2.152252197265625,28.40791634259905,0.03398984309829682,28.266143798828125,28.686279296875
S2,13,0,1.919399170648484,0.031202779574907486,1.8268585205078125,2.056121826171875,28.49329960995629,0.04104816809062306,28.357452392578125,28.679107666015625
S2,14,0,1.8325028374081567,0.028939783022562053,1.7368316650390625,1.9672393798828125,28.497610819498696,0.03306189062901521,28.34320068359375,28.67626953125
S2,15,0,1.7575408027285622,0.024189205338330834,1.5758514404296875,1.8962860107421875,28.504107128324964,0.032107217126011764,28.428863525390625,28.7020263671875
S2,16,0,1.698680169241769,0.023903623671779114,1.59454345703125,1.8280029296875,28.459929116385325,0.037987454652452755,28.3089599609375,28.650482177734375
S2,17,0,1.6433563777378628,0.02235268443570998,1.4263153076171875,1.776123046875,28.401110440208797,0.03331196393544757,28.283233642578125,28.5732421875
S2,18,0,1.59307861328125,0.02141039495661686,1.409912109375,1.7215728759765625,28.38036738513765,0.03549924523607872,28.21337890625,28.557464599609375
S2,19,0,1.5456004914783297,0.020665554025980495,1.4682769775390625,1.67236328125,28.365616209484283,0.03432548624783019,28.2261962890625,28.546051025390625
S2,20,0,1.506200445265997,0.020403633308542182,1.4278411865234375,1.6139984130859375,28.37889504859561,0.04893360938742434,28.247589111328125,28.626190185546875
S2,21,0,1.4686508905319942,0.019371038323819093,1.1898040771484375,1.5705108642578125,28.44843034290132,0.034804201142049594,28.270416259765625,28.68194580078125
S2,22,0,1.4360100700741723,0.018720789589618127,1.35955810546875,1.532745361328125,28.44362891932896,0.041307060056545455,28.313232421875,28.660491943359375
S2,23,0,1.4026772090366908,0.01925115407785697,1.270294189453125,1.528167724609375,28.373552183605376,0.03336452333335449,28.20196533203125,28.548919677734375
S2,24,0,1.366928173246838,0.020041689464394306,1.287078857421875,1.502227783203125,28.325795270647323,0.03760796660365054,28.21337890625,28.52886962890625
S2,25,0,1.3288824172247025,0.019956411427954224,1.24969482421875,1.42974853515625,28.301192772274927,0.03858667928048563,28.163482666015625,28.511749267578125
S2,26,0,1.295182400658017,0.01914725225573443,1.2195587158203125,1.410675048828125,28.203468492780413,0.04471094642744116,28.045257568359375,28.414581298828125
S2,27,0,1.2567432040259952,0.021276685641783206,1.1753082275390625,1.3706207275390625,28.200233174641927,0.04213106746646924,28.045257568359375,28.40313720703125
S2,28,0,1.2240032559349423,0.01823248127335762,1.042938232421875,1.3324737548828125,28.290235390799385,0.03663557018285657,28.18060302734375,28.557464599609375
S2,29,0,1.2046480088006883,0.018657547470186074,0.9777069091796875,1.3153076171875,28.325313989548455,0.03578741595715788,28.247589111328125,28.5074462890625
S2,30,0,1.1916235605875651,0.017579002979260776,1.07269287109375,1.3294219970703125,28.31341186232794,0.034857289585110446,28.169189453125,28.5274658203125
S2,31,0,1.1716342926025392,0.017738193763115032,1.0990142822265625,1.2981414794921875,28.360218693324498,0.03794666622629171,28.243316650390625,28.574676513671875
S2,32,0,1.1636104038783481,0.019921827623115836,0.927734375,1.294708251953125,28.49891355968657,0.057907143485132526,28.3731689453125,28.74786376953125
S2,33,0,1.1476905641101656,0.01731910083380076,0.913238525390625,1.26495361328125,30.310951443626767,1.3335295606493638,28.496002197265625,32.397369384765625
S2,34,0,1.137627701532273,0.017049746021268256,1.001739501953125,1.253509521484375,33.181786734444756,0.46346556801694766,32.269287109375,33.97528076171875
S2,35,0,1.124721436273484,0.017788678154759846,0.9372711181640625,1.235198974609375,33.92732185000465,0.33393072789403877,32.884765625,34.370391845703125
S2,36,0,1.1085552942185175,0.023387356101488642,1.0162353515625,1.2176513671875,31.310561949230376,0.8072793480686017,30.14691162109375,33.016845703125
S2,37,1,1.222180884225028,0.025887699687469817,1.12457275390625,1.3519287109375,31.3338815612793,0.04547758798572603,31.17083740234375,31.519683837890625
S2,38,1,1.184878630865188,0.01760748987792517,0.968170166015625,1.28326416015625,31.358748279389882,0.023232574545431477,31.27520751953125,31.531494140625
S2,39,1,1.1993192400251116,0.04099299098619469,1.114654541015625,1.371002197265625,31.30621600341797,0.05783075378111655,31.1517333984375,31.506378173828125
S2,40,1,1.2896539778936478,0.021810475519070404,1.2226104736328125,1.422119140625,31.211667256673177,0.03597276625177372,31.05926513671875,31.41204833984375
S2,41,1,1.269923855009533,0.018099505507972954,1.1962890625,1.3805389404296875,31.29811088198707,0.02002120639010452,31.188446044921875,31.46807861328125
S2,42,1,1.2652254558744884,0.017940543981697518,0.9716033935546875,1.3866424560546875,31.322722038632346,0.044350440102232935,31.209014892578125,31.534423828125
S2,43,1,1.3847269875662667,0.05167709901137552,1.2264251708984375,1.52435302734375,31.39085965256464,0.018856164345955585,31.2943115234375,31.553619384765625
S2,44,1,1.4239902859642393,0.017792063180907043,1.21002197265625,1.5110015869140625,31.401246884300594,0.024513413515584063,31.263427734375,31.57574462890625
S2,45,1,1.4354361397879465,0.030424748971908746,1.245880126953125,1.556396484375,31.232566853841146,0.10289270331327413,31.075408935546875,31.580169677734375
S2,46,1,1.5177420479910715,0.04037357070334947,1.294708251953125,1.7009735107421875,31.061764318557014,0.023926586472541984,30.92730712890625,31.2354736328125
S2,47,1,1.4961314428420294,0.02044434007093397,1.311492919921875,1.60675048828125,31.064624167306082,0.027406286704996993,30.987396240234375,31.24578857421875
S2,48,1,1.6231946309407552,0.1210568702037403,1.4293670654296875,1.9683837890625,31.076762516566685,0.019606507077089913,31.0343017578125,31.24871826171875
S2,49,1,1.831161608014788,0.06328699025728786,1.6937255859375,2.06146240234375,31.082920469738188,0.020978845665204485,30.971282958984375,31.269287109375
S2,50,1,1.8550332932245164,0.0675322350378396,1.7253875732421875,2.0656585693359375,31.225586277553013,0.05059343931732395,31.085662841796875,31.443023681640625
S2,51,1,2.1002592177618116,0.18973750882447613,1.8215179443359375,2.388763427734375,31.289771179199217,0.017783050015030482,31.163482666015625,31.457733154296875
S2,52,1,2.401333727155413,0.08328827051768588,2.2247314453125,2.7896881103515625,31.268490609305246,0.01664635640048449,31.1531982421875,31.43121337890625
S2,53,1,2.6297159467424667,0.09257760669581645,2.4509429931640625,2.9296875,31.166178883870444,0.08383241656344419,31.0313720703125,31.415008544921875
S2,54,1,2.665069834391276,0.05810530335407053,2.5177001953125,2.8842926025390625,31.08207737659273,0.028584907908201437,31.0050048828125,31.263427734375
S2,55,1,2.9028832390194848,0.09646043353530749,2.6874542236328125,3.1978607177734375,31.123022774832588,0.01802321928619911,30.977142333984375,31.298736572265625
S2,56,1,2.9932281675792876,0.137697179766391,2.8186798095703125,3.4427642822265625,31.103512831914994,0.016866950084342122,31.0108642578125,31.260498046875
S3,0,0,7.796493003481911,0.21427671546254318,7.454681396484375,8.266067504882812,32.65489912632533,0.14311009771069202,32.319915771484375,32.985321044921875
S3,1,0,8.574174517676944,0.1657529122398471,8.205032348632812,8.86688232421875,32.22620527430943,0.08960581075401677,32.0478515625,32.522674560546875
S3,2,0,8.780810565040225,0.037743445589443494,8.514785766601562,8.93096923828125,31.966591905866352,0.0515034920026432,31.810699462890625,32.197845458984375
S3,3,0,8.556395794096447,0.1133461902336585,8.266448974609375,8.815383911132812,31.833544218517485,0.06152664064488568,31.671722412109375,32.065673828125
S3,4,0,8.112351844424293,0.1099960724304285,7.898712158203125,8.375930786132812,31.647846809023903,0.028004712072583236,31.4813232421875,31.834381103515625
S3,5,0,7.805543281918481,0.06937415467433114,7.619476318359375,8.014297485351562,31.612671863374256,0.016182549575227065,31.5521240234375,31.766326904296875
S3,6,0,7.606738026936849,0.0522173094351408,7.3925018310546875,7.7442169189453125,31.48988491821289,0.0672021015828636,31.339935302734375,31.720489501953125
S3,7,0,7.389638682774135,0.058814760380161514,7.253265380859375,7.5649261474609375,31.2073712230864,0.09477685911671595,31.0137939453125,31.494598388671875
S3,8,0,7.20916010538737,0.04529903076590212,6.873321533203125,7.3581695556640625,30.95164004225958,0.04123416424761564,30.859954833984375,31.164947509765625
S3,9,0,7.103976422264463,0.016045173979287102,6.873321533203125,7.2162628173828125,30.97701055181594,0.026803130729979276,30.859954833984375,31.19580078125
S3,10,0,7.031478028070359,0.02488961104848063,6.943511962890625,7.1292877197265625,30.83945640491304,0.05138656323376984,30.700531005859375,31.06951904296875
S3,11,0,6.990860439482189,0.01672293605765077,6.8027496337890625,7.0964813232421875,30.844097737630207,0.02560023250017168,30.763397216796875,31.0167236328125
S3,12,0,6.937422416323707,0.022448172931896253,6.80389404296875,7.06329345703125,30.890206073579336,0.019125410164825527,30.78826904296875,31.05487060546875
S3,13,0,6.848607363019671,0.03178007541753728,6.710052490234375,6.9789886474609375,30.89943320574079,0.025166896233698402,30.728302001953125,31.07391357421875
S3,14,0,6.782098352341425,0.01857259226781203,6.5395355224609375,6.90460205078125,30.915498161679224,0.04951698530617667,30.71221923828125,31.13409423828125
S3,15,0,6.7298230489095054,0.019211595319303453,6.623077392578125,6.8569183349609375,30.798246096656435,0.020679039214422452,30.6099853515625,31.022613525390625
S3,16,0,6.689439028785342,0.01771503198680041,6.3648223876953125,6.80694580078125,30.841742053803944,0.02547502772303259,30.631866455078125,31.07098388671875
S3,17,0,6.664931760515485,0.017488318133454885,6.53076171875,6.77947998046875,30.869327668689547,0.02056609176739907,30.684478759765625,31.05926513671875
S3,18,0,6.641847792125883,0.01692654652213696,6.4136505126953125,6.7775726318359375,30.944920116606212,0.027733429898310773,30.8321533203125,31.17523193359375
S3,19,0,6.60726193019322,0.029033042377684403,6.3137054443359375,6.7417144775390625,30.967376841227214,0.020845156512013917,30.8292236328125,31.169342041015625
S3,20,0,6.549609320504325,0.01433168969222942,6.463623046875,6.6463470458984375,31.049060696556456,0.059315248355365544,30.946380615234375,31.2943115234375
S3,21,0,6.52506354195731,0.009553215616708723,6.3201904296875,6.6280364990234375,31.21143940952846,0.03558339023429652,31.12969970703125,31.400299072265625
S3,22,0,6.542753346761068,0.018255600568627173,6.2122344970703125,6.653594970703125,31.295832814534506,0.020351579664994766,31.117950439453125,31.496063232421875
S3,23,0,6.5695671989804225,0.011176000657383963,6.3320159912109375,6.6936492919921875,31.324222399030415,0.017715214766776427,31.225189208984375,31.52410888671875
S3,24,0,6.550270407540458,0.010399708250217346,6.337738037109375,6.6646575927734375,31.291839186895462,0.016407085279255076,31.12823486328125,31.462188720703125
S3,25,0,6.535113797869001,0.0124583644859029,6.4533233642578125,6.6310882568359375,31.325585264660063,0.020628184355942245,31.17376708984375,31.54620361328125
S3,26,0,6.547908673967634,0.011351612237534399,6.3800811767578125,6.6532135009765625,31.34342815871466,0.020576718184283527,31.241363525390625,31.5167236328125
S3,27,0,6.5432322910853795,0.009854468551820565,6.2408447265625,6.6898345947265625,31.435735913957867,0.028778590541071448,31.31787109375,31.634765625
S3,28,0,6.548811431158157,0.01415564712648423,6.4483642578125,6.6608428955078125,31.474342690604075,0.01806628938502766,31.303131103515625,31.714599609375
S3,29,0,6.550313168480283,0.00846180926360636,6.45904541015625,6.6516876220703125,31.448971027192616,0.016977296796718114,31.339935302734375,31.686492919921875
S3,30,0,6.567772511073521,0.010334087690062303,6.3739776611328125,6.6974639892578125,31.469948413667225,0.018079984679708075,31.33843994140625,31.625946044921875
S3,31,0,6.573595937093099,0.008632979114351307,6.497955322265625,6.6707611083984375,31.541820049467542,0.027044126206733295,31.387054443359375,31.72491455078125
S3,32,0,6.5731592269170855,0.01262238153588812,6.50177001953125,6.6699981689453125,31.601800101143972,0.01799312959748229,31.445953369140625,31.7811279296875
S3,33,0,6.588248134794689,0.009727296884254595,6.4937591552734375,6.6883087158203125,31.605151699974424,0.01393823436601755,31.491668701171875,31.79296875
S3,34,0,6.600892620994931,0.015628129824444188,6.502532958984375,6.7020416259765625,31.633218093145462,0.024710718982258555,31.462188720703125,31.81219482421875
S3,35,0,6.626664606730143,0.014280958122647952,6.27288818359375,6.7264556884765625,31.702908380417597,0.021391620903139532,31.611175537109375,31.923248291015625
S3,36,0,6.621724155970982,0.011188823515045175,6.5334320068359375,6.72149658203125,31.68817168462844,0.0206325245969097,31.62298583984375,31.93511962890625
S3,37,1,6.907891882033575,0.012678536301356793,6.7279815673828125,6.9896697998046875,32.05591585867746,0.01576173066611946,31.936614990234375,32.24249267578125
S3,38,1,7.038827732631138,0.0867175906765217,6.880950927734375,7.27081298828125,32.108767816452755,0.026729045198862496,32.007781982421875,32.275238037109375
S3,39,1,7.705665406726656,0.45211484824725146,7.161712646484375,9.004592895507812,32.19332011922201,0.03299906011161118,32.061187744140625,32.3824462890625
S3,40,1,10.994705708821614,0.7950843989122571,8.945465087890625,12.09869384765625,32.47109777250744,0.22328731138931948,32.18304443359375,33.107025146484375
S3,41,1,9.798262587047759,1.0969805371315429,8.09173583984375,11.58599853515625,33.75538387480236,0.44363031734078984,32.950775146484375,34.50054931640625
S3,42,1,8.16177133832659,0.11997502413474272,7.9280853271484375,8.725357055664062,34.21881069074358,0.16619681102009598,33.786865234375,34.52197265625
S3,43,1,7.967412421816872,0.2255480924157096,7.5870513916015625,8.806991577148438,33.81049033174061,0.05662328909082581,33.520263671875,34.030059814453125
S3,44,1,8.249437204996745,0.12352291250207317,7.978057861328125,8.540725708007812,33.517683576311384,0.09571902256538399,33.31182861328125,33.81719970703125
S3,45,1,8.234480467296782,0.4441234323793001,7.6503753662109375,9.41925048828125,33.44777160935175,0.10401397989434005,33.247039794921875,33.735260009765625
S3,46,1,7.816912623814174,0.5091281495845117,0.0,8.260345458984375,32.35405514962333,19.244577242990058,-273.1499938964844,33.7913818359375
S3,47,1,8.621797924950009,0.263411639185798,7.9376220703125,9.1033935546875,33.15257594517299,0.16623610593551488,32.8262939453125,33.54901123046875
S3,48,1,9.378977167038691,0.1539615068389434,8.95538330078125,9.625625610351562,32.62973198736282,0.13768502360474238,32.37353515625,32.99884033203125
S3,49,1,9.560221426827567,0.05185863235246291,9.43450927734375,9.71527099609375,32.24305185517811,0.08538675153135303,32.067138671875,32.516693115234375
S3,50,1,9.307658386230468,0.13740551055324843,9.011077880859375,9.544754028320312,32.02193432907831,0.04685741737622357,31.90252685546875,32.2291259765625
S3,51,1,8.765127654302688,0.13073203145522058,8.243560791015625,9.058761596679688,31.91130699811663,0.026517693844173712,31.8048095703125,32.099822998046875
S3,52,1,8.509370040893554,0.06455488595597932,8.315277099609375,8.724594116210938,31.844848743257067,0.0250941187770039,31.73675537109375,32.01666259765625
S3,53,1,8.227725419544038,0.084035085587603,7.8266143798828125,8.404159545898438,31.796801916213262,0.016521237957688964,31.7012939453125,31.97216796875
S3,54,1,7.944005875360398,0.07639300865999969,7.7144622802734375,8.122634887695312,31.80482162330264,0.016883186978256946,31.671722412109375,31.978118896484375
S3,55,1,7.749173736572265,0.046906390644550586,7.3638916015625,7.861328125,31.838339984712146,0.019483780036157326,31.707183837890625,32.0107421875
S3,56,1,7.564927310035342,0.04591007398316045,7.4413299560546875,7.72552490234375,31.880009409586588,0.018112979228733356,31.766326904296875,32.070098876953125
S3,57,1,7.438409024193174,0.03289143239456697,7.334136962890625,7.5580596923828125,31.902030846005395,0.018919817392057083,31.810699462890625,32.07159423828125
S4,0,0,1.2645992097400485,0.01738496724995009,1.186370849609375,1.374053955078125,32.69186302984328,0.02013978840996753,32.4390869140625,32.841278076171875
S4,1,0,1.2618509020124162,0.01698240547640738,1.166534423828125,1.3919830322265625,32.72312664794922,0.01970340135102137,32.507720947265625,33.03790283203125
S4,2,0,1.2629302978515624,0.017350269393838484,0.9761810302734375,1.366424560546875,32.73937145414806,0.01664177956000898,32.491302490234375,33.08148193359375
S4,3,0,1.257711410522461,0.017062900324411864,1.174163818359375,1.392364501953125,32.730743028913224,0.018793008926042343,32.507720947265625,32.8697509765625
S4,4,0,1.254343959263393,0.017153172169393445,0.951385498046875,1.3820648193359375,32.73332396007719,0.016223533658228453,32.59735107421875,32.99285888671875
S4,5,0,1.2516653515043712,0.01681765373813983,1.1730194091796875,1.3774871826171875,32.73880418468657,0.020473829056966212,32.525665283203125,33.04840087890625
S4,6,0,1.2512322925385975,0.01728422142299436,1.1661529541015625,1.3782501220703125,32.72947664388021,0.017398623926488853,32.603302001953125,33.066436767578125
S4,7,0,1.2539051237560455,0.01710078098215267,0.9975433349609375,1.38702392578125,32.74899041602725,0.01675397886453569,32.693023681640625,33.03338623046875
S4,8,0,1.2572506495884486,0.017233970865159563,1.02691650390625,1.3824462890625,32.756570357549755,0.016744224757085566,32.479400634765625,33.066436767578125
S4,9,0,1.25915162222726,0.017162756344862785,0.9929656982421875,1.3828277587890625,32.776413244338265,0.01698190522608141,32.506256103515625,32.91778564453125
S4,10,0,1.2593825204031808,0.017301628954827255,1.0387420654296875,1.4026641845703125,32.796262442452566,0.019416922362779823,32.5689697265625,33.156646728515625
S4,11,0,1.2580614907400949,0.016966458679477152,1.03912353515625,1.404571533203125,32.82626733253116,0.01789324601626316,32.669097900390625,33.110015869140625
S4,12,0,1.2563442775181362,0.017079357095866363,1.1569976806640625,1.3790130615234375,32.78821142287482,0.0371980834306479,32.549560546875,33.1807861328125
S4,13,0,1.2542914617629277,0.01725076913083041,1.010894775390625,1.3813018798828125,32.76708275495257,0.016698449308725,32.549560546875,33.131103515625
S4,14,0,1.2567386263892764,0.01697356174476198,0.9555816650390625,1.39312744140625,32.70764632888067,0.03267707809341275,32.44061279296875,32.973297119140625
S4,15,0,1.2601516905285064,0.01707455532512473,0.930023193359375,1.390838623046875,32.73585819208054,0.01961964597881429,32.59735107421875,33.025848388671875
S4,16,0,1.2611080169677735,0.01695549538382294,1.1493682861328125,1.4110565185546875,32.75876486060733,0.01729879003043955,32.533111572265625,33.09051513671875
S4,17,0,1.267050007411412,0.017101386445122425,1.0669708251953125,1.4194488525390625,32.775458281017485,0.017461438176873133,32.509246826171875,32.92376708984375
S4,18,0,1.2709461393810453,0.017330831294533364,1.0715484619140625,1.406097412109375,32.76394079444522,0.03093345984203181,32.66015625,33.0889892578125
S4,19,0,1.2767332349504743,0.017252909718659334,0.9983062744140625,1.3866424560546875,32.78939387439546,0.03649068608279052,32.561492919921875,32.956756591796875
S4,20,0,1.2810614267985025,0.016994621693700862,1.0631561279296875,1.4263153076171875,32.82536168125698,0.017137439362531363,32.704986572265625,33.1220703125
S4,21,0,1.2826189313616072,0.017143492613808303,1.18408203125,1.41754150390625,32.83980727132162,0.017628751464444224,32.752899169921875,33.11907958984375
S4,22,0,1.2858397347586497,0.016675147030301825,1.207733154296875,1.3927459716796875,32.85015247453962,0.01716037653731314,32.669097900390625,32.997314453125
S4,23,0,1.2863355182466052,0.0171976721333082,0.9120941162109375,1.433563232421875,32.8358323858352,0.01707362998044294,32.622772216796875,33.022857666015625
S4,24,0,1.2861216772170294,0.016802441122333884,0.9464263916015625,1.4148712158203125,32.85320138113839,0.017486697870671974,32.651153564453125,33.00030517578125
S4,25,0,1.2873145693824404,0.017126513585,1.024627685546875,1.4293670654296875,32.864087953113376,0.0170941281853832,32.67657470703125,33.132598876953125
S4,26,0,1.2884759993780226,0.016990735788036455,1.190948486328125,1.425933837890625,32.85876036580404,0.019509982447985217,32.7080078125,33.01385498046875
S4,27,0,1.2903562636602492,0.016693874140642526,1.1241912841796875,1.4156341552734375,32.8616227882022,0.019195268143561393,32.65264892578125,33.2349853515625
S4,28,0,1.2920620872860864,0.016956542978807956,1.056671142578125,1.409149169921875,32.87667769949777,0.017030379625378726,32.693023681640625,33.01385498046875
S4,29,0,1.2939723605201359,0.0168508651540851,1.132965087890625,1.4404296875,32.86360383533296,0.02292189733171492,32.703521728515625,33.01385498046875
S4,30,0,1.3016334170386905,0.01791846021464544,1.2157440185546875,1.45416259765625,32.828318128313335,0.03325985170567838,32.7259521484375,33.0213623046875
S4,31,0,1.3215072268531436,0.018893941125114423,1.1020660400390625,1.4495849609375,32.893636210123695,0.02483059990681913,32.766387939453125,33.0980224609375
S4,32,0,1.3313563755580358,0.016839643044833607,1.2416839599609375,1.4698028564453125,32.92405818394252,0.017500508957417307,32.67657470703125,33.0784912109375
S4,33,0,1.323971684773763,0.016719674364745352,1.08795166015625,1.45416259765625,32.935520247686476,0.017867781805627873,32.703521728515625,33.0784912109375
S4,34,0,1.3188212440127418,0.016622762617443686,1.058197021484375,1.4308929443359375,32.9513087797619,0.018379304107484583,32.893768310546875,33.209381103515625
S4,35,0,1.3164972032819475,0.01692346195044002,1.152801513671875,1.453399658203125,32.96723479788644,0.01752742372086419,32.79486083984375,33.17474365234375
S4,36,0,1.3124549865722657,0.016760219139421866,1.22528076171875,1.456451416015625,32.96579473876953,0.017912076382312726,32.745391845703125,33.256103515625
S4,37,0,1.3108158474876768,0.016788267801275347,1.0814666748046875,1.50299072265625,32.95522841971261,0.01765206077822556,32.78582763671875,33.233489990234375
S4,38,1,2.864847128731864,0.30774153695328066,2.3014068603515625,3.5938262939453125,33.216531451997305,0.03680069388026364,33.11907958984375,33.409912109375
S4,39,1,3.0570562271844772,0.12807027047067104,2.8095245361328125,3.5369873046875,33.34740984671456,0.043125554557781776,33.23046875,33.5716552734375
S4,40,1,3.4160202389671688,0.1734518214085611,3.0414581298828125,3.8257598876953125,33.454237285795664,0.03601218254765214,33.280181884765625,33.641326904296875
S4,41,1,3.411556879679362,0.14415859805866882,3.2039642333984375,3.9089202880859375,33.568568599155974,0.03580148069989062,33.39483642578125,33.735260009765625
S4,42,1,3.5122551509312223,0.1346288074423811,3.2703399658203125,3.9066314697265625,33.64656448654902,0.02228236745452294,33.4930419921875,33.78076171875
S4,43,1,3.526999228341239,0.13702185723685456,3.167724609375,3.9470672607421875,33.63477742222377,0.02260297257131467,33.465850830078125,33.82781982421875
S4,44,1,3.7286587851388115,0.15264979537294854,3.47900390625,4.2331695556640625,33.620023005894254,0.021213254984273365,33.485443115234375,33.777740478515625
S4,45,1,3.849432209559849,0.12440736511531815,3.6220550537109375,4.163360595703125,33.63903248232887,0.02169313815413702,33.49908447265625,33.811126708984375
S4,46,1,3.966500273204985,0.07928508088530213,3.78265380859375,4.28619384765625,33.65244115048363,0.021536385629744102,33.508148193359375,33.78076171875
S4,47,1,4.366607121058872,0.17306751531414433,3.99627685546875,4.691314697265625,33.628565098353796,0.027573806011256245,33.541412353515625,33.78076171875
S4,48,1,4.522089912777855,0.1350588562188986,4.2041778564453125,5.0403594970703125,33.608285590762186,0.021165622657757056,33.462799072265625,33.802001953125
S4,49,1,4.6127194359188985,0.11111887619702666,4.327392578125,4.90875244140625,33.6178705691383,0.024305138425394276,33.452239990234375,33.774688720703125
S4,50,1,4.528354790097191,0.08610712409372744,4.3659210205078125,4.810333251953125,33.662445351736885,0.024666188505200557,33.49603271484375,33.884033203125
S4,51,1,4.699575533185686,0.05060973120577962,4.4559478759765625,4.877471923828125,33.694488583519345,0.024974682331651482,33.5126953125,33.83392333984375
S4,52,1,4.741838346208845,0.03412885557739567,4.6356201171875,4.9167633056640625,33.69778225998651,0.022165744784191917,33.583770751953125,33.8323974609375
S4,53,1,4.759563609531948,0.09243965360286101,4.5925140380859375,5.1456451416015625,33.69672872343517,0.022322713547485773,33.529327392578125,33.8323974609375
S4,54,1,4.665543492635091,0.09195451058678454,4.4963836669921875,5.020904541015625,33.6998151390439,0.021986446529980833,33.542938232421875,33.912933349609375
S4,55,1,4.583481870378766,0.08459843555726015,4.4521331787109375,5.1342010498046875,33.698751695905415,0.021721975127743893,33.582244873046875,33.835418701171875
S4,56,1,4.687031646001906,0.13238179946429712,4.3605804443359375,5.1830291748046875,33.69618271600633,0.02184341342284961,33.509674072265625,33.93572998046875
S4,57,1,4.841305523826962,0.07972527483412233,4.6573638916015625,5.0823211669921875,33.69489423188709,0.02213250225562172,33.5853271484375,33.84454345703125
S5,0,0,5.884199469430106,0.0935374596061112,5.6270599365234375,6.128692626953125,34.410246048700245,0.03499720001634251,34.264892578125,34.62939453125
S5,1,0,5.6663954598563055,0.10437147959751995,5.2524566650390625,6.047821044921875,34.47565976388114,0.03379178634229949,34.365814208984375,34.64630126953125
S5,2,0,5.371579433622815,0.09625452475857349,5.1532745361328125,5.6270599365234375,34.455501440139045,0.02906472672360137,34.341339111328125,34.65704345703125
S5,3,0,5.071280815487817,0.08143051958404972,4.7298431396484375,5.33447265625,34.487874285016744,0.029580472835826405,34.38262939453125,34.681610107421875
S5,4,0,4.816700944446382,0.06811655423154751,4.61273193359375,5.060577392578125,34.510948878696986,0.027823739033549316,34.4208984375,34.6585693359375
S5,5,0,4.632683490571521,0.041341951577521394,4.4742584228515625,4.8065185546875,34.548364289783294,0.030879548757133602,34.44232177734375,34.698486328125
S5,6,0,4.513614127749489,0.027198268442297224,4.1934967041015625,4.686737060546875,34.58678726486933,0.02959226229774209,34.449981689453125,34.792327880859375
S5,7,0,4.402558008829753,0.03831393267149903,4.2453765869140625,4.582977294921875,34.60513624500093,0.029038422375846615,34.509765625,34.740020751953125
S5,8,0,4.277450961158389,0.03342518096172536,4.1324615478515625,4.433441162109375,34.613867655436195,0.02817599770622748,34.525054931640625,34.756927490234375
S5,9,0,4.177795682634626,0.03266860673597998,4.0485382080078125,4.31671142578125,34.60704844011579,0.028196269251020683,34.515869140625,34.746185302734375
S5,10,0,4.094171560378301,0.018926600099418177,3.9306640625,4.2327880859375,34.61042062232608,0.029621293972151696,34.518951416015625,34.756927490234375
S5,11,0,4.048656699770973,0.02398755138633588,3.804779052734375,4.2186737060546875,34.63601787167504,0.02861556514472132,34.543487548828125,34.76922607421875
S5,12,0,3.9774867103213354,0.024042074361526583,3.7570953369140625,4.146575927734375,34.636952180408294,0.0291675414977916,34.543487548828125,34.833892822265625
S5,13,0,3.919271014985584,0.015975513105058226,3.763580322265625,4.0618896484375,34.65054606265114,0.02971536596514379,34.558807373046875,34.835418701171875
S5,14,0,3.884439450218564,0.015487606139935198,3.6869049072265625,4.022216796875,34.66425858270554,0.02940639961784062,34.571075439453125,34.80462646484375
S5,15,0,3.840392085484096,0.015010638154914956,3.633880615234375,3.9699554443359375,34.67318115815662,0.030276010055052597,34.57720947265625,34.88934326171875
S5,16,0,3.799197514851888,0.01535568984276094,3.6861419677734375,3.9218902587890625,34.687823622930615,0.03019121257003688,34.592559814453125,34.8831787109375
S5,17,0,3.7704099382672993,0.011927007568627074,3.665924072265625,3.89251708984375,34.710050675165085,0.02992368829006822,34.607879638671875,34.903228759765625
S5,18,0,3.750423395066034,0.014038396899955613,3.5186767578125,3.88336181640625,34.734660180954705,0.03415473275499176,34.615570068359375,34.974151611328125
S5,19,0,3.732414590744745,0.013995998878644023,3.53546142578125,3.87115478515625,34.76696125139509,0.029471292515375735,34.677001953125,34.958709716796875
S5,20,0,3.746908133370536,0.011505678836458815,3.51409912109375,3.885650634765625,34.764136435372485,0.029618959789546474,34.664703369140625,34.98651123046875
S5,21,0,3.7475598653157554,0.013485738784969944,3.5541534423828125,3.89556884765625,34.77171355329241,0.029782687825678007,34.66778564453125,34.988037109375
S5,22,0,3.73532593136742,0.01103242476402313,3.6258697509765625,3.863525390625,34.759916111537386,0.03170163425938015,34.615570068359375,34.909393310546875
S5,23,0,3.717280033656529,0.013357089546831012,3.574371337890625,3.8425445556640625,34.742721809023905,0.029202479126068184,34.575653076171875,34.909393310546875
S5,24,0,3.7033473423549106,0.011102393753070613,3.4427642822265625,3.82537841796875,34.73257233101981,0.029714481977400176,34.63092041015625,34.8662109375
S5,25,0,3.695016134352911,0.014910618843439069,3.5747528076171875,3.842926025390625,34.71936631411598,0.030022482139258008,34.61865234375,34.920166015625
S5,26,0,3.7132651011149087,0.016668449079593924,3.577423095703125,3.8692474365234375,34.73455971854074,0.032497912684016764,34.607879638671875,34.92633056640625
S5,27,0,3.7041314987909226,0.011413607061586955,3.5816192626953125,3.824615478515625,34.77146259852818,0.030368383272430327,34.669342041015625,34.93560791015625
S5,28,0,3.6998683021182104,0.011377045480703412,3.5350799560546875,3.8333892822265625,34.79152000499907,0.02966253465598902,34.693878173828125,34.97723388671875
S5,29,0,3.7175265720912387,0.014300970664920223,3.5980224609375,3.84521484375,34.79638150315058,0.02963416879230646,34.703125,34.997314453125
S5,30,0,3.7070166996547154,0.011299548470832413,3.59649658203125,3.84521484375,34.790361397879465,0.03241128029217422,34.669342041015625,34.93096923828125
S5,31,0,3.7154180980864027,0.01522029587605437,3.5945892333984375,3.8463592529296875,34.77634477161226,0.03224149077963169,34.663177490234375,34.98651123046875
S5,32,0,3.7243030729747955,0.011162766299124348,3.5015106201171875,3.917694091796875,34.79292057146345,0.029683567598648104,34.64630126953125,34.97723388671875
S5,33,0,3.714033944266183,0.012065323738440962,3.60260009765625,3.8616180419921875,34.78007634626116,0.029879664745531827,34.6846923828125,34.904754638671875
S5,34,0,3.702981912522089,0.011340489188813335,3.5907745361328125,3.833770751953125,34.78276930164156,0.029804655663922628,34.6846923828125,34.91552734375
S5,35,0,3.688807841709682,0.01117529722244797,3.4027099609375,3.8318634033203125,34.7915497000558,0.029781603672027448,34.687744140625,35.001922607421875
S5,36,0,3.7085343678792317,0.012417898410644064,3.4564971923828125,3.8360595703125,34.8023711983817,0.029722772083231055,34.66162109375,34.929412841796875
S5,37,0,3.7047250111897787,0.014787220705458987,3.5762786865234375,3.856658935546875,34.80768763805571,0.030293659347498534,34.64630126953125,34.952545166015625
S5,38,0,3.7505481538318453,0.01310253985362858,3.5228729248046875,3.900146484375,34.81751373726981,0.03038918658713832,34.707733154296875,35.006561279296875
S5,39,1,9.778575624738421,0.1280018334475182,9.569931030273438,10.182952880859375,34.64463456798735,0.03337369321997959,34.537322998046875,34.798492431640625
S5,40,1,9.945932170322964,0.22194356201839052,9.615707397460938,10.623550415039062,34.68836771792457,0.05256568735923116,34.537322998046875,34.893951416015625
S5,41,1,9.787207376389276,0.15704983011694082,9.463119506835938,10.405349731445312,34.88557622273763,0.054188039916445926,34.695465087890625,35.057525634765625
S5,42,1,9.992000834147136,0.3531121237137162,9.3963623046875,11.046600341796875,35.056726800827754,0.13559506639215266,34.801544189453125,35.42303466796875
S5,43,1,9.569604619344075,0.2726383441788611,9.194183349609375,10.405731201171875,35.24733896745954,0.04647856273314683,35.051361083984375,35.461883544921875
S5,44,1,9.273583475748698,0.10472840147813435,9.064102172851562,9.643936157226562,35.040145060221356,0.06855820649995374,34.853912353515625,35.280303955078125
S5,45,1,9.345226015363421,0.315452757188497,8.969497680664062,10.272979736328125,34.906794773646766,0.06011248472712469,34.740020751953125,35.1317138671875
S5,46,1,9.026216888427735,0.18735549021342518,8.538436889648438,9.575271606445312,35.05440713065011,0.042562196807701666,34.841583251953125,35.250885009765625
S5,47,1,8.883674984886532,0.09184848566192218,8.560562133789062,9.210968017578125,34.871946190243676,0.08341689483937803,34.637054443359375,35.103851318359375
S5,48,1,9.094396373203823,0.1849351612322244,8.852386474609375,9.79156494140625,34.575240240187874,0.06941464406593333,34.408660888671875,34.813873291015625
S5,49,1,9.279890042259579,0.11119251895231483,9.03472900390625,9.536361694335938,34.48835707891555,0.03951650142846309,34.35968017578125,34.693878173828125
S5,50,1,9.6024659656343,0.11170474793432202,9.367752075195312,10.101699829101562,34.431155183337985,0.027633515801078923,34.3291015625,34.57415771484375
S5,51,1,9.905715869721913,0.1623952214475514,9.642410278320312,10.503387451171875,34.464299445742654,0.030400855724541022,34.342864990234375,34.604827880859375
S5,52,1,10.159466134934199,0.26776802975596325,9.875869750976562,11.113739013671875,34.47587446376256,0.049816083732622536,34.348968505859375,34.666229248046875
S5,53,1,10.252645329066686,0.2506915831986462,9.773635864257812,11.060714721679688,34.52436916242327,0.04301343860129336,34.39947509765625,34.773834228515625
S5,54,1,9.936788649786086,0.28944044690599685,9.495925903320312,10.904693603515625,34.64325860886347,0.07108760847945239,34.5081787109375,34.9248046875
S5,55,1,9.705983116513206,0.17283126702501367,9.427261352539062,10.480117797851562,34.71311976405553,0.08720778784728765,34.4990234375,35.0142822265625
S5,56,1,9.697331510271345,0.2635733390637993,9.295272827148438,10.649490356445312,34.64907533191499,0.07541054951786261,34.494415283203125,34.909393310546875
S5,57,1,9.502602132161458,0.14912158077369453,9.28802490234375,9.93804931640625,34.78368546549479,0.043117954867056454,34.62017822265625,34.9417724609375
S5,58,1,9.497068241664342,0.16723604125551575,9.120559692382812,10.187149047851562,34.66011290486654,0.03558660457494772,34.540374755859375,34.829254150390625
S6,0,0,9.415973263695127,0.06586642526664402,9.273147583007812,9.592819213867188,33.57793807547433,0.021293090450433275,33.482421875,33.730712890625
S6,1,0,9.12976446605864,0.10876659812993507,8.90045166015625,9.410858154296875,33.56481495884486,0.02520948328535953,33.440155029296875,33.71405029296875
S6,2,0,8.722778265816824,0.12124082930956882,8.24737548828125,8.962249755859375,33.55713285464332,0.02180378708642658,33.449188232421875,33.689788818359375
S6,3,0,8.346465773809523,0.09715916173636645,8.154678344726562,8.568572998046875,33.58542588442848,0.024144559421739275,33.47186279296875,33.730712890625
S6,4,0,8.021463557652064,0.08872675593075552,7.85064697265625,8.220672607421875,33.552846989222935,0.023770984690710872,33.426544189453125,33.701934814453125
S6,5,0,7.732841691516694,0.07491061736704104,7.5855255126953125,7.9242706298828125,33.589025454566595,0.02217806310268662,33.49908447265625,33.726165771484375
S6,6,0,7.489480826968238,0.0693942603546065,7.331085205078125,7.6602935791015625,33.588009408133374,0.024634256653594856,33.50360107421875,33.726165771484375
S6,7,0,7.284817268734886,0.0492417825313689,6.972503662109375,7.4230194091796875,33.499947787330264,0.044212030712260465,33.37823486328125,33.6761474609375
S6,8,0,7.14177998134068,0.0436715367635967,6.9477081298828125,7.3089599609375,33.42664578537714,0.020062390194962306,33.3389892578125,33.5792236328125
S6,9,0,7.0229702540806365,0.031214903169112206,6.9240570068359375,7.1441650390625,33.4277863260905,0.02037522492042661,33.33447265625,33.57623291015625
S6,10,0,6.917316109793527,0.02390201165763109,6.6211700439453125,7.02056884765625,33.474217000325524,0.026325811203995807,33.385772705078125,33.624664306640625
S6,11,0,6.8422279539562405,0.025671241223775326,6.7508697509765625,6.9545745849609375,33.545599731445314,0.0406749815089456,33.414459228515625,33.729217529296875
S6,12,0,6.751692690168109,0.0263153526601457,6.61773681640625,6.8996429443359375,33.64646173241025,0.0247507140155868,33.547454833984375,33.82781982421875
S6,13,0,6.660588873000372,0.023778096996265083,6.5090179443359375,6.7962646484375,33.68601180013021,0.029492216757999738,33.598907470703125,33.84759521484375
S6,14,0,6.602063333420526,0.018425825650154427,6.536102294921875,6.6986083984375,33.75371818760463,0.025473338245286452,33.632232666015625,33.915924072265625
S6,15,0,6.548322187151228,0.021681859826131713,6.4807891845703125,6.6410064697265625,33.749978515625,0.02258285370415891,33.63372802734375,33.89617919921875
S6,16,0,6.493444152105422,0.010784872208647194,6.4296722412109375,6.5746307373046875,33.74883657691592,0.022806601818306058,33.6685791015625,33.8870849609375
S6,17,0,6.451084500267392,0.016698943668595683,6.3938140869140625,6.5265655517578125,33.719255653018045,0.022420360376649618,33.632232666015625,33.864288330078125
S6,18,0,6.42623291015625,0.010278284165364452,6.3709259033203125,6.505584716796875,33.76470561726888,0.02393293370570896,33.64886474609375,33.912933349609375
S6,19,0,6.3799024672735305,0.016478320894891867,6.105804443359375,6.4670562744140625,33.83112046741304,0.03707455258677403,33.717071533203125,34.00567626953125
S6,20,0,6.325182487851097,0.017990446583506382,6.1222076416015625,6.4060211181640625,33.77743905058361,0.0407564269631933,33.645843505859375,33.96612548828125
S6,21,0,6.2903306143624445,0.011313482571511236,6.140899658203125,6.3617706298828125,33.841208095005584,0.033842968049252777,33.738311767578125,34.04833984375
S6,22,0,6.279633658272879,0.014319360289259783,6.0092926025390625,6.3854217529296875,33.86184246535528,0.030955658091687238,33.674652099609375,34.00567626953125
S6,23,0,6.290352557954334,0.03713031921207227,6.1847686767578125,6.4899444580078125,33.81643879772368,0.0414545497158105,33.644317626953125,34.00567626953125
S6,24,0,6.249228195917039,0.010108971971827122,6.04400634765625,6.333160400390625,33.890230907621834,0.02461898099324825,33.802001953125,34.042236328125
S6,25,0,6.234540739513579,0.009432116769566401,6.1801910400390625,6.3198089599609375,33.92694835553851,0.029782984960918666,33.821746826171875,34.095550537109375
S6,26,0,6.22356207711356,0.010244213745405626,6.0840606689453125,6.3159942626953125,33.94651031058175,0.023800563461638814,33.864288330078125,34.075775146484375
S6,27,0,6.22163945152646,0.012116191425466893,6.0298919677734375,6.2946319580078125,33.95704266793387,0.02395282122806787,33.862762451171875,34.09100341796875
S6,28,0,6.246377309163411,0.03288871577662823,6.133270263671875,6.4785003662109375,33.923385322207494,0.0674563283822525,33.70947265625,34.09405517578125
S6,29,0,6.247436995733352,0.013112629180659377,6.04705810546875,6.3381195068359375,33.6758175281343,0.04605331722776358,33.57318115234375,33.884033203125
S6,30,0,6.222388658069429,0.008322827977435677,6.12335205078125,6.290435791015625,33.62818617175874,0.02310730986345665,33.53387451171875,33.7762451171875
S6,31,0,6.228813244047619,0.02049497001669355,6.079864501953125,6.339263916015625,33.593340496244885,0.030250513747487363,33.4779052734375,33.754974365234375
S6,32,0,6.211705344063895,0.015738689576590487,6.02264404296875,6.3457489013671875,33.67334200032552,0.02614700122192744,33.5565185546875,33.82781982421875
S6,33,0,6.180569948468889,0.01612823749441968,6.053924560546875,6.2755584716796875,33.79068185424805,0.049794391059129854,33.641326904296875,33.981353759765625
S6,34,0,6.196784791492281,0.013500940904175139,6.128692626953125,6.2793731689453125,33.895000697544646,0.030601130593338723,33.7913818359375,34.0452880859375
S6,35,0,6.185569745018369,0.011222837132652664,6.1283111572265625,6.3083648681640625,33.85193381463914,0.039392734881648184,33.69586181640625,34.031585693359375
S6,36,0,6.192811929611933,0.013931098136352031,5.9970855712890625,6.2652587890625,33.788013042631604,0.027094973664314608,33.673126220703125,33.941802978515625
S6,37,0,6.210459645589193,0.01240631606588845,6.069183349609375,6.28509521484375,33.84481585548038,0.04553221386819867,33.657958984375,34.01788330078125
S6,38,1,8.904623903547014,0.12383731553996437,8.654403686523438,9.28192138671875,33.81918863641648,0.03335653630845875,33.701934814453125,33.98590087890625
S6,39,1,8.848232723417736,0.1279437911447893,8.542251586914062,9.1644287109375,33.85775637672061,0.023680653517315332,33.771697998046875,34.002655029296875
S6,40,1,8.511228888375419,0.2144420768347428,8.090972900390625,8.966827392578125,33.92762368338449,0.06419389489425752,33.765594482421875,34.191650390625
S6,41,1,8.116937818981352,0.18205504169074055,7.7579498291015625,8.829116821289062,34.18263561139788,0.06212812774891522,33.987457275390625,34.3841552734375
S6,42,1,7.876183191935222,0.10496831515254879,7.70263671875,8.21685791015625,34.27566390991211,0.045086740079610735,34.139739990234375,34.465301513671875
S6,43,1,7.936642328898112,0.08708870159896438,7.6251983642578125,8.15582275390625,34.23102178228469,0.037983277221415146,34.118438720703125,34.4010009765625
S6,44,1,8.015155156453451,0.09096443854040016,7.8907012939453125,8.295440673828125,34.16421788242885,0.028880108634679987,34.069671630859375,34.313812255859375
S6,45,1,8.278510575067429,0.15897982049831247,8.023452758789062,8.783721923828125,34.09367077782041,0.043924294736096554,33.970703125,34.27410888671875
S6,46,1,8.757592755272276,0.21689215694851538,8.467483520507812,9.286880493164062,34.00200671096075,0.037507210882595406,33.877960205078125,34.167205810546875
S6,47,1,8.738811311267671,0.10395652018608732,8.593368530273438,9.074020385742188,33.914106156122116,0.029572946807499844,33.814178466796875,34.068115234375
S6,48,1,8.975832385108584,0.11647699338259374,8.72039794921875,9.222030639648438,33.85148144240606,0.039650329567918904,33.729217529296875,34.011810302734375
S6,49,1,9.4676270257859,0.15917830503572486,9.125900268554688,9.852218627929688,33.74557591756185,0.02994689832406876,33.6534423828125,33.9144287109375
S6,50,1,9.820944450015114,0.12241626386790964,9.475326538085938,10.286331176757812,33.71542562575567,0.03349371179849533,33.60498046875,33.87188720703125
S6,51,1,10.31571542649042,0.1653247532839082,9.981155395507812,10.662078857421875,33.68008947753906,0.02230534914134683,33.603485107421875,33.824798583984375
S6,52,1,10.643322208949497,0.12878010749117583,10.370254516601562,11.035537719726562,33.67501321847098,0.023323369011234545,33.597381591796875,33.814178466796875
S6,53,1,10.606105931599934,0.1665900250493055,10.385513305664062,11.130523681640625,33.67246268426804,0.02862638176584758,33.561065673828125,33.82025146484375
S6,54,1,10.393047459920247,0.17680435437757375,10.110092163085938,10.791778564453125,33.6341482035319,0.024726397913277694,33.555023193359375,33.78533935546875
S6,55,1,10.144391813732328,0.10781922721394592,10.008621215820312,10.480880737304688,33.68109799920945,0.02590563787122244,33.570159912109375,33.82781982421875
S6,56,1,10.27429557073684,0.09461407144863156,9.820175170898438,10.549163818359375,33.597993321010044,0.028546280733866017,33.490020751953125,33.7625732421875
S6,57,1,10.541008922031947,0.06353741932117883,10.406494140625,10.696029663085938,33.6247093883696,0.02585611626123659,33.529327392578125,33.774688720703125
S6,58,1,10.72690035502116,0.0829699766726646,10.57891845703125,10.916900634765625,33.59096825299944,0.02185115606340053,33.5172119140625,33.7337646484375
S7,0,0,12.940147000267393,0.07768052817667188,12.770843505859375,13.130569458007812,34.250466583251956,0.03289156177094325,34.141326904296875,34.39947509765625
S7,1,0,12.685017649332682,0.08956822835000043,12.511444091796875,12.886428833007812,34.30464679972331,0.027701735158050134,34.20538330078125,34.433135986328125
S7,2,0,12.43459225609189,0.0656758874459171,12.242507934570312,12.612533569335938,34.31868083118257,0.026200517806060843,34.234375,34.445404052734375
S7,3,0,12.249601291474843,0.05427147700252524,12.108612060546875,12.42218017578125,34.33514376540411,0.027844263406160186,34.22216796875,34.471405029296875
S7,4,0,12.1173767271496,0.035408629881274446,11.97357177734375,12.234878540039062,34.37936970738002,0.029558921118722936,34.2496337890625,34.515869140625
S7,5,0,11.994184784662156,0.038353990057566144,11.882781982421875,12.1307373046875,34.40326149059477,0.026992505095589977,34.31231689453125,34.535797119140625
S7,6,0,11.875628843761625,0.033180179076423184,11.753463745117188,12.013626098632812,34.41106116158622,0.030085564579650823,34.29241943359375,34.549591064453125
S7,7,0,11.753826777140299,0.045200936272759666,11.576080322265625,11.891555786132812,34.41968839227586,0.026727120019669266,34.3260498046875,34.549591064453125
S7,8,0,11.663280160086495,0.01649589351548621,11.588287353515625,11.769485473632812,34.43973092942011,0.02871171934458311,34.313812255859375,34.58489990234375
S7,9,0,11.61202514285133,0.017598757833536722,11.489105224609375,11.717605590820312,34.46240739368257,0.02776883094764898,34.35052490234375,34.60174560546875
S7,10,0,11.583672986711775,0.02761371812967328,11.431503295898438,11.71112060546875,34.47214331345331,0.02809824793559554,34.37347412109375,34.60943603515625
S7,11,0,11.50461551121303,0.017354345050651056,11.388778686523438,11.60888671875,34.43513133021764,0.02804899644904832,34.338287353515625,34.564910888671875
S7,12,0,11.460147294544038,0.015983024531587592,11.37237548828125,11.563491821289062,34.43120199148996,0.02783843293662134,34.31072998046875,34.58026123046875
S7,13,0,11.402288291567848,0.020146230223575024,11.217880249023438,11.50054931640625,34.49220640636626,0.03030487673945449,34.37652587890625,34.6324462890625
S7,14,0,11.337281399681455,0.012468496986426802,11.261749267578125,11.442947387695312,34.49490125964937,0.027429230217013427,34.4010009765625,34.626312255859375
S7,15,0,11.326677758353098,0.01372092763893394,11.254119873046875,11.420059204101562,34.50607375372024,0.02767714099708524,34.411712646484375,34.64630126953125
S7,16,0,11.310480317615328,0.017756045927850492,11.168289184570312,11.41815185546875,34.51393860299247,0.030489551763313708,34.390289306640625,34.666229248046875
S7,17,0,11.292440287272136,0.017576307682381425,11.212158203125,11.406326293945312,34.5032674487886,0.027525021147306414,34.410186767578125,34.64166259765625
S7,18,0,11.253423200334822,0.015685707341698673,11.16943359375,11.354446411132812,34.48050592767625,0.031794446587689235,34.37652587890625,34.626312255859375
S7,19,0,11.211190487089612,0.019165335898606643,11.09466552734375,11.346817016601562,34.47808204868861,0.034208003277271894,34.353546142578125,34.62939453125
S7,20,0,11.212028121948242,0.015096787436274796,11.074447631835938,11.29913330078125,34.48063606770833,0.03357226565944795,34.370391845703125,34.626312255859375
S7,21,0,11.17943623860677,0.021637262788128532,11.047744750976562,11.299514770507812,34.526537251790366,0.02870379822504154,34.408660888671875,34.66009521484375
S7,22,0,11.178534843808128,0.0166939054247468,11.037445068359375,11.281967163085938,34.53229945010231,0.028136144909300907,34.4407958984375,34.66162109375
S7,23,0,11.209512837727864,0.02967286200687983,11.0260009765625,11.321640014648438,34.53245227341425,0.02898298796472351,34.42852783203125,34.666229248046875
S7,24,0,11.217576272147042,0.014695272758043915,10.982894897460938,11.327743530273438,34.55327280389695,0.04865107016470601,34.408660888671875,34.747711181640625
S7,25,0,11.179066776093983,0.019959513423584513,11.075592041015625,11.287307739257812,34.63038856433687,0.030981202365397812,34.52813720703125,34.77081298828125
S7,26,0,11.165873899913969,0.01482256171580968,11.081695556640625,11.272811889648438,34.59002859933036,0.027970682278912848,34.494415283203125,34.723114013671875
S7,27,0,11.177913247971308,0.01625362794099955,11.02294921875,11.278915405273438,34.59262411499024,0.027865298945338127,34.497467041015625,34.73236083984375
S7,28,0,11.159181177048456,0.012433221889630808,11.083221435546875,11.27166748046875,34.558506474086215,0.029383416023249738,34.4576416015625,34.693878173828125
S7,29,0,11.177259154546828,0.01964162461587353,11.05804443359375,11.282730102539062,34.50696098690941,0.04547942440487076,34.371917724609375,34.687744140625
S7,30,0,11.184110895792644,0.015501538171863663,11.043548583984375,11.306381225585938,34.475987663632345,0.028166052716535248,34.341339111328125,34.634002685546875
S7,31,0,11.135566802251907,0.01411898534127695,11.06414794921875,11.235427856445312,34.5287991914295,0.029035151312885303,34.404052734375,34.663177490234375
S7,32,0,11.178614934285482,0.023266185430865716,11.08551025390625,11.288833618164062,34.54315142967587,0.027749781594757824,34.43927001953125,34.670867919921875
S7,33,0,11.184551111857097,0.014147517291825278,11.060333251953125,11.28997802734375,34.54648950485956,0.02939868353066384,34.411712646484375,34.693878173828125
S7,34,0,11.207146108718145,0.024333327893029815,11.109542846679688,11.312484741210938,34.524796879359656,0.03025980193248849,34.38568115234375,34.666229248046875
S7,35,0,11.200101361955916,0.015436291905652808,11.112213134765625,11.293411254882812,34.594567632765994,0.032198527606497364,34.471405029296875,34.7523193359375
S7,36,0,11.18457890465146,0.01363073584125269,11.0595703125,11.269760131835938,34.59807321457636,0.03318768478161814,34.482147216796875,34.7523193359375
S7,37,0,11.190539078485399,0.012664423339032872,10.999679565429688,11.272048950195312,34.58521029808408,0.03497355242002687,34.4346923828125,34.7369384765625
S7,38,1,15.64631454831078,0.09916764617770091,15.480422973632812,15.961074829101562,34.74991796148391,0.033163388322789054,34.614044189453125,34.890869140625
S7,39,1,15.982039170038133,0.09160127158253743,15.729141235351562,16.180038452148438,34.76159886532738,0.030214493132323755,34.65704345703125,34.8878173828125
S7,40,1,16.31027548653739,0.14273253777276163,15.981292724609375,16.719436645507812,34.79120333426339,0.03877687819756781,34.669342041015625,34.964874267578125
S7,41,1,16.628216807047526,0.09249277993001015,16.41998291015625,16.955184936523438,34.834138812837146,0.03535183384817527,34.7138671875,34.980316162109375
S7,42,1,16.701565551757813,0.09746228490148892,16.347122192382812,17.003250122070312,34.93525625319708,0.03798975994689115,34.78924560546875,35.093048095703125
S7,43,1,16.877064441499257,0.10168289484941645,16.497039794921875,17.17376708984375,34.91770573643276,0.03699566410332515,34.776947021484375,35.0899658203125
S7,44,1,17.226926694597516,0.16968738769916106,16.8060302734375,17.545700073242188,34.91279847789946,0.03352757685617735,34.7677001953125,35.082244873046875
S7,45,1,17.62921536763509,0.11651041181237508,17.261123657226562,17.980575561523438,34.94851104155041,0.051835086938688824,34.792327880859375,35.137908935546875
S7,46,1,17.790870484851656,0.08690612188311463,17.603302001953125,18.053054809570312,34.919239696684336,0.04031337138916005,34.740020751953125,35.100799560546875
S7,47,1,18.057756878080824,0.12468973418398775,17.743682861328125,18.461990356445312,34.847090198335195,0.045701507891238245,34.723114013671875,35.026611328125
S7,48,1,18.300330352783202,0.11168540273144742,18.066024780273438,18.535232543945312,34.86499870372954,0.03589641688439909,34.741546630859375,35.04052734375
S7,49,1,18.520888155982608,0.11936820536166379,18.120193481445312,18.819046020507812,34.93035224551246,0.03948302772187676,34.81695556640625,35.116241455078125
S7,50,1,18.88183125087193,0.09977487435546704,18.59283447265625,19.191741943359375,34.93000912620908,0.04679871960604103,34.792327880859375,35.11004638671875
S7,51,1,19.150928896949406,0.10990831463342096,18.865203857421875,19.43817138671875,34.98166172281901,0.03342266531523052,34.870849609375,35.1224365234375
S7,52,1,19.396289734613326,0.1548353150387655,19.159698486328125,19.847488403320312,34.940810651506695,0.03473937034565035,34.832366943359375,35.088409423828125
S7,53,1,19.598793810889834,0.1853142670147591,19.292831420898438,20.103836059570312,34.97871752057757,0.038663240145109475,34.838531494140625,35.127044677734375
S7,54,1,19.740968740554084,0.06916430217787231,19.537353515625,19.972610473632812,35.00832180204846,0.0343909387239282,34.8878173828125,35.1595458984375
S7,55,1,19.896657398768834,0.10971658941863613,19.64569091796875,20.271682739257812,34.97654093715123,0.03437140429197965,34.853912353515625,35.11004638671875
S7,56,1,19.887709227062405,0.06031961200137424,19.680404663085938,20.101547241210938,34.995212357293994,0.0407185473203576,34.8677978515625,35.1502685546875
S7,57,1,20.05162106468564,0.15403610864153994,19.80743408203125,20.433425903320312,35.02152268763951,0.0333849418206673,34.904754638671875,35.153350830078125
S8,0,0,4.13389649164109,0.017216394449253568,3.957366943359375,4.21905517578125,34.42485134597052,0.03632046394025696,34.304656982421875,34.58795166015625
S8,1,0,4.0831347147623696,0.017288325462241065,4.0164947509765625,4.1919708251953125,34.42368678501674,0.03944707116271094,34.2969970703125,34.604827880859375
S8,2,0,4.037904921032133,0.014533707740219734,3.9600372314453125,4.1454315185546875,34.449551316034224,0.039455630880365994,34.2496337890625,34.62939453125
S8,3,0,4.013227371942429,0.01444644842803092,3.7807464599609375,4.1103363037109375,34.51936552211217,0.042792697674597466,34.379547119140625,34.687744140625
S8,4,0,3.980221920921689,0.012422905017889755,3.928375244140625,4.0653228759765625,34.512210051037016,0.03876244085749163,34.381134033203125,34.67852783203125
S8,5,0,3.9476272583007814,0.010260953697953958,3.878021240234375,4.0309906005859375,34.53148994518462,0.03256897444051737,34.414764404296875,34.67852783203125
S8,6,0,3.9303716023763022,0.009162759999714467,3.85894775390625,4.004669189453125,34.60336570085798,0.03497038909537193,34.47296142578125,34.758453369140625
S8,7,0,3.9122515723818823,0.010060675548443017,3.857421875,3.9859771728515625,34.60500855654762,0.03428951529720529,34.497467041015625,34.773834228515625
S8,8,0,3.899701963152204,0.008995612683298236,3.842926025390625,4.00390625,34.63090343656994,0.03677825236860086,34.518951416015625,34.795379638671875
S8,9,0,3.89115355355399,0.009003169555577834,3.7830352783203125,3.9608001708984375,34.581989382789246,0.04500537504810112,34.4576416015625,34.78924560546875
S8,10,0,3.8732477278936477,0.00984570763208036,3.8116455078125,3.9836883544921875,34.60078011648996,0.03671507382121162,34.48370361328125,34.76153564453125
S8,11,0,3.8718366350446427,0.008978507601852185,3.815460205078125,3.9699554443359375,34.6605599016462,0.0326767078159306,34.5465087890625,34.8077392578125
S8,12,0,3.873117846534366,0.01022673617542465,3.810882568359375,3.9447784423828125,34.68357388886951,0.03361562971781296,34.558807373046875,34.8277587890625
S8,13,0,3.8833318982805523,0.015426459710122424,3.7738800048828125,3.972625732421875,34.73056826927549,0.050041886298568206,34.534271240234375,34.903228759765625
S8,14,0,3.8565892719087147,0.011594322945066484,3.6529541015625,3.95965576171875,34.76976691545759,0.03716638324424778,34.634002685546875,34.917083740234375
S8,15,0,3.8435467856270926,0.009493461765338902,3.7006378173828125,3.9249420166015625,34.81381314958845,0.04016492850094874,34.683135986328125,34.978790283203125
S8,16,0,3.8561476026262556,0.009719343471062413,3.7998199462890625,3.9325714111328125,34.81562914312453,0.036244275025561955,34.687744140625,34.9664306640625
S8,17,0,3.86770631699335,0.011619889270653,3.6632537841796875,3.95965576171875,34.86337054152716,0.042609345700389795,34.715423583984375,35.017364501953125
S8,18,0,3.8860116322835285,0.009915984087651717,3.7322998046875,3.9646148681640625,34.919959449404764,0.03103895126214661,34.796966552734375,35.05596923828125
S8,19,0,3.8821974254789806,0.011086083694149615,3.81317138671875,3.9669036865234375,34.94200069754464,0.03272712857697776,34.835418701171875,35.0853271484375
S8,20,0,3.8794578915550595,0.011632769656629384,3.763580322265625,3.9730072021484375,34.89702865455264,0.06682651180061375,34.723114013671875,35.1317138671875
S8,21,0,3.847143736339751,0.01003996731484327,3.7601470947265625,3.9188385009765625,34.85788961791992,0.05812502233414719,34.70928955078125,35.052886962890625
S8,22,0,3.8305938357398626,0.009680768669786842,3.707122802734375,3.91693115234375,34.91314157249814,0.0460277846178226,34.764617919921875,35.088409423828125
S8,23,0,3.8086792900448754,0.011706915536633758,3.6380767822265625,3.914642333984375,34.859595706031435,0.04304404792916287,34.6846923828125,35.01580810546875
S8,24,0,3.784048679896763,0.015250575987204576,3.5694122314453125,3.8604736328125,34.80237090628488,0.05042462640476169,34.62786865234375,34.9957275390625
S8,25,0,3.7622452327183313,0.010421949606809876,3.62091064453125,3.87115478515625,34.87092917596726,0.07384509562979238,34.65704345703125,35.07452392578125
S8,26,0,3.7684036981491817,0.008578449354902333,3.70635986328125,3.836822509765625,34.989902794247584,0.03462848776227184,34.86932373046875,35.139434814453125
S8,27,0,3.7790725889660064,0.015313248486861936,3.70941162109375,3.8715362548828125,35.029096681140715,0.03223751395513858,34.921722412109375,35.157989501953125
S8,28,0,3.8012958163306827,0.008760169235596417,3.68804931640625,3.8722991943359375,35.03809613763718,0.036394860078719865,34.921722412109375,35.187408447265625
S8,29,0,3.7952169690813338,0.01007444566632608,3.7075042724609375,3.8677215576171875,35.07019253104074,0.034606490068793336,34.952545166015625,35.212188720703125
S8,30,0,3.799954096476237,0.009499573686160986,3.745269775390625,3.89862060546875,35.093982612246556,0.034084418381605,34.980316162109375,35.2276611328125
S8,31,0,3.805621792021252,0.008752135864363868,3.7563323974609375,3.9043426513671875,35.01284678577242,0.05239834870579283,34.8662109375,35.213714599609375
S8,32,0,3.803821709042504,0.008785918682436292,3.754425048828125,3.8684844970703125,35.01705310639881,0.03568974180683548,34.903228759765625,35.1734619140625
S8,33,0,3.8020522707984563,0.009270520700831699,3.7479400634765625,3.89862060546875,35.058446236746654,0.0362431291230424,34.927886962890625,35.20904541015625
S8,34,0,3.794167927333287,0.010838006089963914,3.6334991455078125,3.8715362548828125,34.98473351033529,0.06335507672280606,34.796966552734375,35.187408447265625
S8,35,0,3.8066395895821707,0.017397369850072748,3.6590576171875,3.8883209228515625,34.96663745698475,0.05842030619392854,34.792327880859375,35.15179443359375
S8,36,0,3.8323399135044642,0.00890470068752859,3.69720458984375,3.8974761962890625,34.97374248976934,0.04975680630046343,34.80462646484375,35.1688232421875
S8,37,0,3.816625322614397,0.014464245936671862,3.57513427734375,3.9081573486328125,34.941454389299665,0.049843605766027345,34.78924560546875,35.11004638671875
S8,38,1,3.7072919028145925,0.015532518467851324,3.53851318359375,3.77960205078125,34.88314251854306,0.034671632792395844,34.76153564453125,35.03900146484375
S8,39,1,3.705627677554176,0.010400720056357437,3.534698486328125,3.7906646728515625,34.93282554989769,0.033795491603640884,34.8231201171875,35.076080322265625
S8,40,1,3.7341179438999723,0.012143922926769754,3.50494384765625,3.8105010986328125,34.957863640194844,0.031541429891580576,34.850799560546875,35.09149169921875
S8,41,1,3.7528473082042875,0.012707730189826233,3.708648681640625,3.8455963134765625,34.97790516153972,0.03204241788374996,34.860076904296875,35.1224365234375
S8,42,1,3.780346352713449,0.014219563720768588,3.5953521728515625,3.894805908203125,34.98561401657831,0.0348181263636702,34.861572265625,35.127044677734375
S8,43,1,3.7731046404157365,0.008447223076865656,3.5854339599609375,3.8494110107421875,35.01600751459031,0.03507031564775967,34.892425537109375,35.1595458984375
S8,44,1,3.7864507947649275,0.024931911656215805,3.66973876953125,3.8959503173828125,35.02429136439732,0.03203466244589836,34.912445068359375,35.1595458984375
S8,45,1,3.8392999194917223,0.00985265498174351,3.7960052490234375,3.9051055908203125,35.06214612978981,0.033294889998097606,34.94329833984375,35.202880859375
S8,46,1,3.8569635300409226,0.01728575696186278,3.73687744140625,3.951263427734375,35.08752739751907,0.0326947804688202,34.97723388671875,35.210601806640625
S8,47,1,3.82240598769415,0.013182015570521032,3.7738800048828125,3.8967132568359375,35.0871525210426,0.03257835764554889,34.97723388671875,35.215240478515625
S8,48,1,3.824747848510742,0.039257954749789055,3.723907470703125,3.94439697265625,35.09421268281483,0.033613807816914656,34.958709716796875,35.21990966796875
S8,49,1,3.8420004163469588,0.011912694454186685,3.6853790283203125,3.9310455322265625,35.111445045107885,0.03361999363206518,34.97259521484375,35.2415771484375
S8,50,1,3.8074644361223493,0.011579399127513771,3.5709381103515625,3.8913726806640625,35.121168830508275,0.03319773641157439,35.0096435546875,35.258636474609375
S8,51,1,3.785735884166899,0.009193325571453298,3.741455078125,3.84979248046875,35.147389863513766,0.033947177767567706,35.03125,35.278778076171875
S8,52,1,3.817942174275716,0.03042677416830333,3.731536865234375,3.9215087890625,35.17465047781808,0.0324185049736333,35.0498046875,35.298919677734375
S8,53,1,3.9050274258568174,0.04157770792630198,3.76129150390625,4.0325164794921875,35.16769234938849,0.035632222140209155,35.0189208984375,35.30511474609375
S8,54,1,3.9037416367303757,0.055569933793914186,3.83148193359375,4.0882110595703125,35.194972375778924,0.033477247386836204,35.071441650390625,35.333038330078125
S8,55,1,3.9561313810802643,0.032173053930023975,3.85284423828125,4.084014892578125,35.22843615432013,0.03356395102932842,35.0853271484375,35.362518310546875
S8,56,1,3.9134849911644345,0.008618828233426688,3.7319183349609375,3.975677490234375,35.24686583310082,0.03194605226471494,35.119354248046875,35.378021240234375
S8,57,1,3.931507255917504,0.03473610614786963,3.875732421875,4.058837890625,35.2644615667434,0.03250208921055047,35.127044677734375,35.40130615234375
S8,58,1,3.9503433227539064,0.009278772872664213,3.7532806396484375,4.0164947509765625,35.27838278924851,0.03206461786616412,35.15643310546875,35.409088134765625
S8,59,1,4.053013665335519,0.09220651045608429,3.8173675537109375,4.2537689208984375,35.29275602358864,0.03187725327400275,35.157989501953125,35.432373046875
S9,0,0,2.0839088258289156,0.022770598755094157,1.8436431884765625,2.1839141845703125,33.86417324974423,0.037066188318188406,33.761077880859375,34.030059814453125
S9,1,0,2.0291421799432663,0.01391233516626661,1.958465576171875,2.120208740234375,33.92230264863514,0.02465445280295609,33.777740478515625,34.057464599609375
S9,2,0,2.0012723105294365,0.017193639955112867,1.9260406494140625,2.104949951171875,33.92003172374907,0.029168815654756357,33.7838134765625,34.0711669921875
S9,3,0,1.9458609626406715,0.018017384524398737,1.59912109375,2.07672119140625,33.91378870936803,0.02828426012497863,33.8262939453125,34.089447021484375
S9,4,0,1.90749390011742,0.015949008040219138,1.5987396240234375,2.008056640625,33.994750225248794,0.031197060562305323,33.83697509765625,34.148895263671875
S9,5,0,1.870255370367141,0.01523436268215879,1.798248291015625,1.9466400146484375,34.02529708426339,0.024652619778653066,33.925048828125,34.199249267578125
S9,6,0,1.8398560296921502,0.014864433343672285,1.4850616455078125,1.982879638671875,34.01673151652018,0.02399915645863683,33.839996337890625,34.154998779296875
S9,7,0,1.8124528067452568,0.014756833734538254,1.5697479248046875,1.9107818603515625,34.02930369785854,0.024137082610977634,33.89617919921875,34.1580810546875
S9,8,0,1.8342676435198102,0.023494222008819617,1.67388916015625,1.93939208984375,34.08017693946475,0.027720593470113308,33.9281005859375,34.228271484375
S9,9,0,1.785618627639044,0.01541659980408641,1.7192840576171875,1.882171630859375,34.10168442789713,0.03091273522984706,33.95550537109375,34.2496337890625
S9,10,0,1.7533384958902996,0.014330490890466362,1.4217376708984375,1.8459320068359375,34.15073203241258,0.02592891846900878,34.057464599609375,34.28326416015625
S9,11,0,1.7281748998732793,0.013172237334513389,1.6674041748046875,1.837158203125,34.131554678780695,0.03610727014791573,34.02093505859375,34.2908935546875
S9,12,0,1.706989996773856,0.012886575845299952,1.4789581298828125,1.815032958984375,34.12070258004325,0.029504384893460592,34.00567626953125,34.27716064453125
S9,13,0,1.6937624068487258,0.01297431983643302,1.42364501953125,1.7940521240234375,34.18188245791481,0.02747188561850353,34.075775146484375,34.35052490234375
S9,14,0,1.6761116754441034,0.01418062509495498,1.5132904052734375,1.7681121826171875,34.18788934907459,0.030054555039079302,34.057464599609375,34.3321533203125
S9,15,0,1.6569182623000371,0.011728521759128991,1.5026092529296875,1.74560546875,34.20575979323614,0.025203918336494414,34.095550537109375,34.3612060546875
S9,16,0,1.6494859059651692,0.011659706114251819,1.5895843505859375,1.737213134765625,34.14175660923549,0.11643661383333133,33.761077880859375,34.36273193359375
S9,17,0,1.6518316359747023,0.012040274259307255,1.3599395751953125,1.749420166015625,33.864810879661924,0.03139771143866003,33.7413330078125,34.01788330078125
S9,18,0,1.6477953592936199,0.012029100306586615,1.3202667236328125,1.7303466796875,33.90595525251116,0.03103398441242684,33.76409912109375,34.054443359375
S9,19,0,1.641645249866304,0.012545110493668809,1.5903472900390625,1.71966552734375,33.93818155343192,0.026825769561953063,33.779266357421875,34.078826904296875
S9,20,0,1.6560464041573661,0.026963789411143066,1.5766143798828125,1.7688751220703125,33.91631693522135,0.02939536966808781,33.82330322265625,34.07421875
S9,21,0,1.672047133672805,0.011405235880829954,1.4484405517578125,1.746368408203125,34.05714274088542,0.05330062863787251,33.891632080078125,34.25115966796875
S9,22,0,1.6682319641113281,0.012026215436249162,1.549530029296875,1.7425537109375,34.160377976190475,0.027217059032609545,34.060516357421875,34.307708740234375
S9,23,0,1.6563510531470889,0.012137307559536514,1.5766143798828125,1.7314910888671875,34.18484511166527,0.027039187414481143,34.072723388671875,34.318389892578125
S9,24,0,1.6514921460832868,0.011110220411162585,1.5850067138671875,1.7238616943359375,34.20879099818639,0.026077810744822343,34.11993408203125,34.344390869140625
S9,25,0,1.6453855605352492,0.012748324946252595,1.593017578125,1.7307281494140625,34.260052167619975,0.029999239461740858,34.1519775390625,34.408660888671875
S9,26,0,1.6665601639520555,0.012813034992437328,1.3446807861328125,1.7913818359375,34.345460591634115,0.04505488547189732,34.19775390625,34.50665283203125
S9,27,0,1.6578849792480468,0.011495149208489082,1.593780517578125,1.7276763916015625,34.393795100620814,0.02733523192505677,34.298553466796875,34.53118896484375
S9,28,0,1.6467843010312035,0.012140754404471713,1.3763427734375,1.71966552734375,34.42246570405506,0.027167784771049686,34.3260498046875,34.58489990234375
S9,29,0,1.6448784782772972,0.011227351537074772,1.5773773193359375,1.721954345703125,34.38219978550502,0.03690558962952265,34.269500732421875,34.540374755859375
S9,30,0,1.6509525662376767,0.02053539812818153,1.419830322265625,1.7490386962890625,34.362550114222934,0.03020395418739131,34.2496337890625,34.50360107421875
S9,31,0,1.6779727209182012,0.016045587450022693,1.6178131103515625,1.775360107421875,34.29902775937035,0.030676747478687358,34.193145751953125,34.437713623046875
S9,32,0,1.714774431501116,0.016109915536445935,1.61285400390625,1.8341064453125,34.31602926926386,0.026603996778205068,34.217559814453125,34.445404052734375
S9,33,0,1.7345008668445405,0.011727423842536073,1.47552490234375,1.8047332763671875,34.33250802031017,0.026712185330280858,34.22979736328125,34.477569580078125
S9,34,0,1.721579070318313,0.012359773169227034,1.6307830810546875,1.80816650390625,34.35118717302595,0.027625910846467167,34.2435302734375,34.4852294921875
S9,35,0,1.7059553055536179,0.011611926873918444,1.5644073486328125,1.7818450927734375,34.393189759754,0.030631279681151185,34.286285400390625,34.551116943359375
S9,36,0,1.7180838630312965,0.016444375262444078,1.65863037109375,1.8321990966796875,34.433511516752695,0.03582350985228736,34.31072998046875,34.592559814453125
S9,37,0,1.7996328808012463,0.04433101530171653,1.5350341796875,1.9256591796875,34.48597973487491,0.02902326708162769,34.3841552734375,34.64166259765625
S9,38,1,2.805008043561663,0.024060232494260744,2.71148681640625,2.9102325439453125,34.38825803484235,0.03388359580929161,34.27716064453125,34.571075439453125
S9,39,1,2.8797226133800686,0.05283299699170982,2.6767730712890625,3.076171875,34.43943556867327,0.02887228029978231,34.289337158203125,34.58026123046875
S9,40,1,2.9583162035260884,0.03719981933999407,2.69317626953125,3.0788421630859375,34.480733976818264,0.028993385444329285,34.381134033203125,34.6109619140625
S9,41,1,3.0767035166422527,0.0420249106174098,2.9201507568359375,3.2352447509765625,34.509769675118584,0.028826510349277922,34.408660888671875,34.647796630859375
S9,42,1,3.085576629638672,0.022499947067775722,2.878570556640625,3.192138671875,34.5379382425944,0.028040255778578216,34.410186767578125,34.71697998046875
S9,43,1,3.124931934901646,0.025128237855848654,2.8606414794921875,3.2440185546875,34.55899428449358,0.032542139789197726,34.45306396484375,34.707733154296875
S9,44,1,3.1172929128011067,0.021944831317740696,3.0422210693359375,3.26385498046875,34.60719314575195,0.027884353794958894,34.491363525390625,34.7369384765625
S9,45,1,3.2147604261125835,0.027452530389065907,3.0246734619140625,3.328704833984375,34.591067305791945,0.029108991553609926,34.41632080078125,34.74462890625
S9,46,1,3.2512864794049943,0.034398861782944413,3.16925048828125,3.3672332763671875,34.54612391008649,0.05102458006706237,34.39947509765625,34.730804443359375
S9,47,1,3.3679927280970983,0.034251110294598396,3.24554443359375,3.517913818359375,34.525451094854446,0.033126941232522855,34.414764404296875,34.6739501953125
S9,48,1,3.383574676513672,0.03636856019578431,3.1982421875,3.5335540771484375,34.5668024844215,0.028131227802297484,34.47296142578125,34.69696044921875
S9,49,1,3.431930469331287,0.020732442849686155,3.0979156494140625,3.5251617431640625,34.553775694347564,0.032017267579851565,34.451507568359375,34.73541259765625
S9,50,1,3.5134728022984096,0.030680550225989634,3.3748626708984375,3.612518310546875,34.58043844168527,0.030677355870984774,34.44232177734375,34.756927490234375
S9,51,1,3.5626451764787945,0.03210818616285363,3.336334228515625,3.70025634765625,34.59701026553199,0.027911209425775206,34.474517822265625,34.798492431640625
S9,52,1,3.6032472882952007,0.027348909439837435,3.5129547119140625,3.7372589111328125,34.61369539823986,0.028850351272779864,34.44232177734375,34.747711181640625
S9,53,1,3.6725159418015254,0.034279542960574706,3.5518646240234375,3.821563720703125,34.627548272995725,0.029386420871332534,34.477569580078125,34.763092041015625
S9,54,1,3.7196968260265533,0.061563660209827925,3.501129150390625,3.9424896240234375,34.65721772838774,0.02989584896756297,34.460693359375,34.829254150390625
S9,55,1,3.7288640340169272,0.035193070042202325,3.6060333251953125,3.849029541015625,34.674334631057015,0.02975226334189079,34.558807373046875,34.838531494140625
S9,56,1,3.8122317722865513,0.03854333709911278,3.4481048583984375,3.954315185546875,34.696814953031996,0.02948480525112843,34.594085693359375,34.873931884765625
S9,57,1,3.848470724196661,0.039148224043176506,3.5282135009765625,4.0496826171875,34.683575286865235,0.03409257295867539,34.51434326171875,34.832366943359375
S10,0,0,0.7415530795142764,0.013481410453223514,0.5947113037109375,0.8579254150390625,33.94907270885649,0.029174110169148525,33.85516357421875,34.101654052734375
S10,1,0,0.7469368344261533,0.013605663934150742,0.6549835205078125,0.881195068359375,34.02845337204706,0.039606224678585336,33.911376953125,34.196197509765625
S10,2,0,0.7484472910563151,0.013534989433351385,0.45318603515625,0.83160400390625,34.108778442382814,0.029996053388139064,34.011810302734375,34.252716064453125
S10,3,0,0.7502706618536086,0.01335507549580589,0.665283203125,0.8514404296875,34.16069977097284,0.028310359210073608,34.054443359375,34.3031005859375
S10,4,0,0.7532133556547619,0.013313037300157546,0.5954742431640625,0.8609771728515625,34.209362011137465,0.032031150947184596,34.106201171875,34.370391845703125
S10,5,0,0.7568819681803386,0.013394467377245272,0.545501708984375,0.84991455078125,34.256751979282924,0.027325716667962647,34.14434814453125,34.387237548828125
S10,6,0,0.7581604367210751,0.01358653979076778,0.69732666015625,0.8670806884765625,34.28389185732887,0.028204427423959306,34.191650390625,34.4208984375
S10,7,0,0.7606519426618303,0.013632364335529959,0.6206512451171875,0.8655548095703125,34.31681896100726,0.02763863190096129,34.2099609375,34.460693359375
S10,8,0,0.7627782004220145,0.013746712466022238,0.537109375,0.876617431640625,34.32240898786272,0.027308716974233593,34.234375,34.459197998046875
S10,9,0,0.7674494788760231,0.013384522517824673,0.6969451904296875,0.867462158203125,34.355873968215214,0.034034702854644654,34.2496337890625,34.511260986328125
S10,10,0,0.7708433968680245,0.013484820132717014,0.6977081298828125,0.8968353271484375,34.41235577101934,0.028177396460090594,34.301605224609375,34.560333251953125
S10,11,0,0.7738995143345424,0.013567907096870562,0.6984710693359375,0.876617431640625,34.44465251087007,0.02864822574722266,34.35052490234375,34.57720947265625
S10,12,0,0.7774737585158575,0.013525073726394473,0.4894256591796875,0.9052276611328125,34.42012771897089,0.02923570147104911,34.324493408203125,34.560333251953125
S10,13,0,0.7781019119989304,0.01291087277490373,0.708770751953125,0.861358642578125,34.360945332845056,0.04156870890727907,34.2374267578125,34.534271240234375
S10,14,0,0.7789900280180432,0.01338146542416337,0.7053375244140625,0.8975982666015625,34.31914920189267,0.02729299205939731,34.22674560546875,34.448455810546875
S10,15,0,0.7794171287899926,0.013335134065563203,0.507354736328125,0.8678436279296875,34.34609951055617,0.03028671981832624,34.240478515625,34.494415283203125
S10,16,0,0.7809880029587518,0.013233946969070823,0.7080078125,0.862884521484375,34.28696585373651,0.03641685424263972,34.171783447265625,34.43621826171875
S10,17,0,0.782783944266183,0.013504643720657709,0.5886077880859375,0.896453857421875,34.332406778971354,0.03984786160242255,34.185546875,34.47906494140625
S10,18,0,0.7851001921154204,0.013301270400539461,0.605010986328125,0.8922576904296875,34.26808105178107,0.041998367081687596,34.148895263671875,34.449981689453125
S10,19,0,0.7880344572521392,0.013508684205197343,0.58135986328125,0.861358642578125,34.22592437162854,0.027512952214673606,34.136749267578125,34.3642578125
S10,20,0,0.789352053687686,0.013414696039152017,0.7114410400390625,0.91552734375,34.26516582525344,0.03384463347850498,34.14739990234375,34.4208984375
S10,21,0,0.7907913389660063,0.013527692666427966,0.7259368896484375,0.913238525390625,34.26345654296875,0.02789191542600695,34.16571044921875,34.396392822265625
S10,22,0,0.7938612801688057,0.013489084829402401,0.62255859375,0.933074951171875,34.31626289585658,0.034003130734115095,34.188568115234375,34.4576416015625
S10,23,0,0.7972799936930338,0.013332532908987563,0.7198333740234375,0.92010498046875,34.34538692946661,0.028030735959690536,34.2374267578125,34.497467041015625
S10,24,0,0.8010033925374349,0.0131890796118828,0.59051513671875,0.91705322265625,34.34914172508603,0.02688904530432152,34.263397216796875,34.482147216796875
S10,25,0,0.8048513321649461,0.013232124165312597,0.7305145263671875,0.9281158447265625,34.349698237827845,0.026994782364958024,34.258819580078125,34.47906494140625
S10,26,0,0.8075115748814174,0.013377494902630238,0.7236480712890625,0.9220123291015625,34.331346668061755,0.02691115842643484,34.2435302734375,34.466827392578125
S10,27,0,0.8098488035656157,0.013240905809327633,0.6099700927734375,0.9082794189453125,34.3370652523949,0.027897823513528534,34.228271484375,34.47296142578125
S10,28,0,0.8123898279099238,0.013336702002400863,0.5157470703125,0.927734375,34.324650905064175,0.027200495101536833,34.240478515625,34.460693359375
S10,29,0,0.8143141610281808,0.013191896368595694,0.7472991943359375,0.9075164794921875,34.3271758219401,0.030149616352159774,34.2252197265625,34.47296142578125
S10,30,0,0.8162831079392207,0.013103246565500758,0.74920654296875,0.9479522705078125,34.288939938499816,0.02767701733596483,34.2008056640625,34.417816162109375
S10,31,0,0.8184436253138951,0.013110962045457069,0.6473541259765625,0.962066650390625,34.33249173845564,0.03355514786131658,34.206878662109375,34.47906494140625
S10,32,0,0.8192585899716331,0.013088622437052272,0.63629150390625,0.9258270263671875,34.35504714529855,0.02610737898392942,34.271026611328125,34.47906494140625
S10,33,0,0.8209028879801432,0.013266615871259825,0.72784423828125,0.9128570556640625,34.357160574776785,0.02737665770839298,34.24658203125,34.494415283203125
S10,34,0,0.8240618569510324,0.013463061707961436,0.74462890625,0.96435546875,34.34390642874582,0.027220284839729547,34.258819580078125,34.47296142578125
S10,35,0,0.8255825406029111,0.013307137565739865,0.739288330078125,0.9342193603515625,34.33250326538086,0.027254570523704346,34.234375,34.4852294921875
S10,36,0,0.8301521664574033,0.013370460111549696,0.7595062255859375,0.9273529052734375,34.331206493559336,0.027422582123550084,34.199249267578125,34.46221923828125
S10,37,0,0.8330540248325893,0.013368806398285905,0.669097900390625,0.93994140625,34.377913251604355,0.03865177905839609,34.2618408203125,34.54193115234375
S10,38,1,1.6226783389136905,0.020557720767455392,1.273345947265625,1.74407958984375,34.759776631673176,0.03372037451636497,34.647796630859375,34.903228759765625
S10,39,1,1.5856046404157367,0.015655446519609612,1.4156341552734375,1.696014404296875,34.809199862525574,0.03137513236045041,34.7000732421875,34.958709716796875
S10,40,1,1.5700901576450892,0.021606025210096302,1.2363433837890625,1.703643798828125,34.87806377447219,0.04481231224161417,34.74310302734375,35.065277099609375
S10,41,1,1.7303444453648158,0.0853608570752095,1.581573486328125,1.9893646240234375,35.02129290190197,0.0598736389124942,34.860076904296875,35.22454833984375
S10,42,1,1.9499394734700521,0.02639510665244463,1.8310546875,2.079010009765625,35.24906592087519,0.06428935324469125,35.035888671875,35.4261474609375
S10,43,1,1.993967310587565,0.018794881353450348,1.8749237060546875,2.1350860595703125,35.38966748192197,0.04428577848031594,35.2276611328125,35.54119873046875
S10,44,1,2.0136139279320124,0.04175486649555919,1.8489837646484375,2.21710205078125,35.472861493791854,0.04629405504482419,35.32373046875,35.6314697265625
S10,45,1,2.0220052628290084,0.020663594213208267,1.729583740234375,2.1732330322265625,35.55150689551944,0.03683962935484649,35.419952392578125,35.67822265625
S10,46,1,1.968137977236793,0.017207483270178014,1.8772125244140625,2.09197998046875,35.58373968796503,0.035310223319834154,35.4603271484375,35.706268310546875
S10,47,1,2.0135194687616256,0.04186273108736441,1.6849517822265625,2.1442413330078125,35.598780673072454,0.03600937584298894,35.48211669921875,35.72344970703125
S10,48,1,2.0678221566336497,0.023221040462360943,1.9298553466796875,2.2579193115234375,35.6144116574242,0.035731021450298876,35.499176025390625,35.734344482421875
S10,49,1,2.041807138352167,0.023890431473354106,1.8939971923828125,2.1549224853515625,35.62609957885742,0.03533133910271891,35.499176025390625,35.756195068359375
S10,50,1,2.0648617154075986,0.021937869588926167,1.971435546875,2.18658447265625,35.63081414940244,0.0351811794791232,35.51629638671875,35.75311279296875
S10,51,1,2.045897038777669,0.01520551726477642,1.7757415771484375,2.1739959716796875,35.631136057535805,0.03603218408036943,35.51007080078125,35.759307861328125
S10,52,1,2.0039087204706103,0.0236839529615354,1.6307830810546875,2.1503448486328125,35.61915674700056,0.03533040828165898,35.494537353515625,35.778045654296875
S10,53,1,1.9255243028913225,0.02506844506617798,1.6574859619140625,2.0660400390625,35.60171086774554,0.03551681214984448,35.485198974609375,35.742156982421875
S10,54,1,1.8585375467936198,0.022345177673140343,1.683807373046875,1.9939422607421875,35.58606803094773,0.03508514052328801,35.47589111328125,35.70941162109375
S10,55,1,1.7940093630836123,0.02141793916944678,1.69677734375,1.920318603515625,35.57332898821149,0.035779666162331795,35.45098876953125,35.746856689453125
S10,56,1,1.7391188303629557,0.01788755410882871,1.5811920166015625,1.883697509765625,35.58985014125279,0.03484478705914129,35.478973388671875,35.721893310546875
S10,57,1,1.7001669020879837,0.017125968315930395,1.5949249267578125,1.8402099609375,35.58878041730608,0.03503986040630749,35.478973388671875,35.735931396484375
S10,58,1,1.6671913510277159,0.014780510590495014,1.467132568359375,1.7810821533203125,35.58722619338263,0.034888848234341185,35.46343994140625,35.710968017578125
S10,59,1,1.6397494906470889,0.014098223099199883,1.4118194580078125,1.7608642578125,35.58445625232515,0.03500852354520797,35.472747802734375,35.706268310546875
S10,60,1,1.6232086363292875,0.01290224361361323,1.26800537109375,1.7711639404296875,35.57106557355608,0.03515296474263049,35.45721435546875,35.6922607421875
S11,0,0,6.583131808326358,0.05063567842760866,6.3495635986328125,6.7638397216796875,33.72148640805199,0.030388661126138545,33.609527587890625,33.86578369140625
S11,1,0,6.435332579839797,0.02973161226709938,6.299591064453125,6.5914154052734375,33.7804509698777,0.04726479834210121,33.621612548828125,33.982879638671875
S11,2,0,6.36164414542062,0.022082048331829446,6.1565399169921875,6.5006256103515625,33.865649117606026,0.02360797102938368,33.72467041015625,34.002655029296875
S11,3,0,6.265430432274228,0.03185576392563407,6.1275482177734375,6.4014434814453125,33.89568403698149,0.030968944635715357,33.802001953125,34.042236328125
S11,4,0,6.19331187293643,0.01568494135471242,6.0771942138671875,6.3144683837890625,33.9543975335984,0.027368181770384244,33.839996337890625,34.10321044921875
S11,5,0,6.15733288356236,0.02175470854619161,6.0230255126953125,6.2808990478515625,34.013115892682755,0.031755029907364056,33.864288330078125,34.164154052734375
S11,6,0,6.107340894426618,0.012604981974834848,5.893707275390625,6.2221527099609375,34.072066621326265,0.02857338732838866,33.978302001953125,34.22216796875
S11,7,0,6.056113433837891,0.015421721022462172,5.9490203857421875,6.1862945556640625,34.05959583391462,0.026712139714987974,33.97528076171875,34.2099609375
S11,8,0,6.03185544695173,0.009966555470779551,5.8582305908203125,6.1695098876953125,34.06269414701916,0.023880350084103028,33.957000732421875,34.191650390625
S11,9,0,6.0097914377848305,0.011201893607720741,5.9070587158203125,6.1527252197265625,34.0991299307687,0.036155846355673954,33.99505615234375,34.271026611328125
S11,10,0,5.980401792980376,0.010108111124725174,5.670928955078125,6.1309814453125,34.17538439360119,0.026443730748282563,34.08795166015625,34.315338134765625
S11,11,0,5.973538571312314,0.011905919662259205,5.69000244140625,6.11724853515625,34.20140184820266,0.025883944461527128,34.06658935546875,34.348968505859375
S11,12,0,5.985152253650484,0.011016286501676005,5.8841705322265625,6.1100006103515625,34.19548002406529,0.026669415978704984,34.100128173828125,34.344390869140625
S11,13,0,5.980192511422294,0.010202883264544741,5.8818817138671875,6.1115264892578125,34.24625615728469,0.027624828118438926,34.0711669921875,34.411712646484375
S11,14,0,5.959348024640764,0.0088626979417006,5.8055877685546875,6.1206817626953125,34.274399738130114,0.02721305806456882,34.183990478515625,34.41632080078125
S11,15,0,5.95634643917992,0.010045973998454912,5.6262969970703125,6.08062744140625,34.28491678873698,0.027574094138406006,34.193145751953125,34.413238525390625
S11,16,0,5.95111821492513,0.011797129821562113,5.7010650634765625,6.07757568359375,34.2732832757859,0.026289279769925428,34.187042236328125,34.404052734375
S11,17,0,5.985604349772135,0.013450933581843042,5.76019287109375,6.0955047607421875,34.30621960303897,0.03010213896484518,34.196197509765625,34.44232177734375
S11,18,0,5.9933783758254275,0.015012225439231952,5.8773040771484375,6.11114501953125,34.33608039056687,0.026696589491716334,34.19775390625,34.471405029296875
S11,19,0,6.004799434116909,0.01112355903584358,5.841827392578125,6.128692626953125,34.39289981224423,0.03895762498834809,34.248138427734375,34.548065185546875
S11,20,0,6.013142322358631,0.009514162120492251,5.9154510498046875,6.1374664306640625,34.470058574858164,0.032108915765318186,34.358154296875,34.62017822265625
S11,21,0,6.043260102044968,0.012689311967963617,5.93414306640625,6.16302490234375,34.47486159551711,0.02992054737770312,34.3780517578125,34.607879638671875
S11,22,0,6.042752020699638,0.015260638953101245,5.823516845703125,6.1756134033203125,34.47888129824684,0.027726363154000528,34.388763427734375,34.604827880859375
S11,23,0,6.022521682012648,0.009048003539837195,5.9051513671875,6.1389923095703125,34.496760768345425,0.031307813657831085,34.367340087890625,34.6431884765625
S11,24,0,6.014396286010742,0.008636384319951614,5.9051513671875,6.14166259765625,34.567751171293715,0.031160761723241073,34.4576416015625,34.707733154296875
S11,25,0,6.017527970813569,0.016117541566158453,5.902862548828125,6.14166259765625,34.60993769327799,0.029369438510044893,34.509765625,34.75079345703125
S11,26,0,6.035932777041481,0.0091250080415199,5.92498779296875,6.16607666015625,34.600208195277624,0.029464459563978234,34.45306396484375,34.740020751953125
S11,27,0,6.050491296677363,0.0123124075919485,5.9284210205078125,6.1969757080078125,34.62397251528785,0.028481731803814466,34.45458984375,34.755401611328125
S11,28,0,6.0598997933523995,0.009828605374099469,5.957794189453125,6.18743896484375,34.632745710100444,0.029254000504778874,34.540374755859375,34.78924560546875
S11,29,0,6.0586252121698285,0.009947996237540831,5.8330535888671875,6.1824798583984375,34.655534474690754,0.029694362215309467,34.548065185546875,34.779998779296875
S11,30,0,6.0678775605701265,0.010801656576204369,5.9673309326171875,6.21490478515625,34.66274480765207,0.0311615414447988,34.55267333984375,34.801544189453125
S11,31,0,6.104702867780413,0.018148140473814252,5.914306640625,6.2664031982421875,34.68098004441034,0.03286335177197073,34.54193115234375,34.82159423828125
S11,32,0,6.11930790855771,0.01267938155636081,5.9871673583984375,6.2664031982421875,34.66406922839937,0.031021226908036065,34.53118896484375,34.795379638671875
S11,33,0,6.1233831314813525,0.011850636231751515,6.00738525390625,6.2465667724609375,34.68567717924572,0.029368060569856844,34.594085693359375,34.81695556640625
S11,34,0,6.111756406511579,0.013537945063074704,5.79071044921875,6.23626708984375,34.69011266363235,0.02954056377860604,34.59869384765625,34.815399169921875
S11,35,0,6.105987403506324,0.00851245606395415,5.9986114501953125,6.226348876953125,34.71115850684756,0.029525165088377454,34.55267333984375,34.84002685546875
S11,36,0,6.125693221319289,0.014728025872076776,5.9955596923828125,6.2564849853515625,34.71089569963728,0.029280657623826895,34.59564208984375,34.8431396484375
S11,37,0,6.120750354585193,0.011633270016372465,5.789947509765625,6.27593994140625,34.72352109636579,0.02999315156411908,34.583343505859375,34.850799560546875
S11,38,0,6.1349438985188804,0.013241971617302917,6.0333251953125,6.2648773193359375,34.724765174502416,0.02986134691300977,34.56646728515625,34.8631591796875
S11,39,1,6.484987059093657,0.01650637237025524,6.1817169189453125,6.6493988037109375,34.564685734340124,0.027952948294967694,34.46990966796875,34.695465087890625
S11,40,1,6.522941553025019,0.021520753285730106,6.40869140625,6.65435791015625,34.57451640537807,0.027585660309571408,34.46221923828125,34.71697998046875
S11,41,1,6.552559353056408,0.02004301941816633,6.4479827880859375,6.6654205322265625,34.56932045927502,0.027590553597976072,34.47296142578125,34.703125
S11,42,1,6.586683890933082,0.02618396404699416,6.4212799072265625,6.72760009765625,34.57461560494559,0.027762733930888923,34.44384765625,34.704681396484375
S11,43,1,6.667893200828916,0.03263176363180737,6.542205810546875,6.7989349365234375,34.58148013741629,0.0280511286509393,34.48370361328125,34.7369384765625
S11,44,1,6.729228083292643,0.015864722813691546,6.6131591796875,6.8592071533203125,34.57895553879511,0.027480091547073194,34.4852294921875,34.707733154296875
S11,45,1,6.7548141842796685,0.01905798055435925,6.633758544921875,6.8782806396484375,34.5697840910412,0.029158506150351742,34.44384765625,34.703125
S11,46,1,6.793263262794131,0.018213338163398856,6.694793701171875,6.9301605224609375,34.57836097935268,0.02828430878833203,34.4346923828125,34.71234130859375
S11,47,1,6.838048317318871,0.01669873508888885,6.729888916015625,6.989288330078125,34.56579240344819,0.027986680773413066,34.46221923828125,34.71234130859375
S11,48,1,6.885191127232143,0.026033844360324954,6.74896240234375,7.0301055908203125,34.56508560616629,0.027962426839577618,34.47296142578125,34.7000732421875
S11,49,1,6.901060286022368,0.014839825869769827,6.803131103515625,7.0346832275390625,34.55283221144903,0.030013877579661365,34.45458984375,34.693878173828125
S11,50,1,6.897974886213031,0.014691060873292396,6.621551513671875,7.0095062255859375,34.53538107881092,0.027799842805075865,34.445404052734375,34.65704345703125
S11,51,1,6.958933621361142,0.018416950079863444,6.8210601806640625,7.09075927734375,34.53480954706101,0.02819056117270479,34.445404052734375,34.670867919921875
S11,52,1,7.010790071033296,0.05034827480774308,6.717681884765625,7.271575927734375,34.52756503295898,0.0280810442185505,34.4239501953125,34.65087890625
S11,53,1,7.158926028297061,0.033239138885385246,7.057952880859375,7.3451995849609375,34.53024882725307,0.02779553632181414,34.4407958984375,34.65704345703125
S11,54,1,7.174152119954427,0.03580117873086873,7.070159912109375,7.3383331298828125,34.535573949904666,0.027552525961645237,34.43927001953125,34.66009521484375
S11,55,1,7.2091203235444565,0.017370840564519513,7.108306884765625,7.3261260986328125,34.53518214343843,0.027970614058045237,34.437713623046875,34.669342041015625
S11,56,1,7.267625045776367,0.053419251494515395,7.006072998046875,7.4497222900390625,34.544475641159785,0.02798800284250288,34.45458984375,34.6739501953125
S11,57,1,7.31766497294108,0.04527571803897984,7.1460723876953125,7.5122833251953125,34.563509908040366,0.02806132884992814,34.427032470703125,34.693878173828125
S11,58,1,7.339161791120257,0.032139478853910844,7.222747802734375,7.495880126953125,34.58455336797805,0.028547323250555836,34.477569580078125,34.72772216796875
S11,59,1,7.502892630440848,0.06700928251631345,7.31353759765625,7.6526641845703125,34.58845875331334,0.027546732047231962,34.48828125,34.7138671875
S11,60,1,7.643076524280366,0.03554199532333436,7.532501220703125,7.78045654296875,34.58729768880208,0.02812274457634717,34.460693359375,34.715423583984375
S13,0,0,2.367524137951079,0.013389223624858317,2.2396087646484375,2.487945556640625,32.84917377871559,0.029646309357471055,32.7139892578125,33.025848388671875
S13,1,0,2.3457298460460843,0.014933176533465984,2.2258758544921875,2.4875640869140625,32.935808824811666,0.02899341545767789,32.848785400390625,33.156646728515625
S13,2,0,2.333072190057664,0.013193661930926772,2.1495819091796875,2.4669647216796875,33.01818230183919,0.03532768890548269,32.8907470703125,33.19732666015625
S13,3,0,2.3198071616036553,0.011916241101048905,2.2289276123046875,2.4509429931640625,33.10975657290504,0.028628056246880803,32.944793701171875,33.305816650390625
S13,4,0,2.3294178372337706,0.014035889259888462,2.0267486572265625,2.4566650390625,33.17686134701683,0.023086757434668606,33.079986572265625,33.337493896484375
S13,5,0,2.334929711478097,0.011737625204335621,2.2129058837890625,2.4951934814453125,33.24375243849981,0.02582493887478095,33.155181884765625,33.494537353515625
S13,6,0,2.347176506405785,0.021570790031863036,2.234649658203125,2.4852752685546875,33.28575363740467,0.02286212489103494,33.16571044921875,33.49908447265625
S13,7,0,2.3567540486653646,0.012470168207690232,2.1488189697265625,2.474212646484375,33.32359942045666,0.022214532580576804,33.2169189453125,33.474884033203125
S13,8,0,2.372255870274135,0.011563283872788861,2.257537841796875,2.5043487548828125,33.369659372965494,0.025966573103724164,33.266632080078125,33.542938232421875
S13,9,0,2.368711235409691,0.013037144211022672,2.2510528564453125,2.4871826171875,33.40209757632301,0.02020413616434859,33.2786865234375,33.630706787109375
S13,10,0,2.349138459705171,0.013219405535357708,2.2495269775390625,2.483367919921875,33.42853236025856,0.024407505162635075,33.27716064453125,33.589813232421875
S13,11,0,2.3358266013009206,0.011927605636214226,2.185821533203125,2.4570465087890625,33.44096244594029,0.02037229445856862,33.364654541015625,33.636749267578125
S13,12,0,2.3389736902146114,0.016861680063456744,2.24609375,2.5089263916015625,33.45598999023437,0.021233093123579013,33.31939697265625,33.598907470703125
S13,13,0,2.3301288059779575,0.011317232064355417,2.10418701171875,2.4608612060546875,33.49246568371001,0.025906410459051066,33.402374267578125,33.650390625
S13,14,0,2.3418799627394904,0.017719060865270257,2.21710205078125,2.4639129638671875,33.51451650855655,0.02415514239750428,33.408447265625,33.70947265625
S13,15,0,2.365807070050921,0.011907967861358523,2.2548675537109375,2.5264739990234375,33.47343297613235,0.021674292832079712,33.342010498046875,33.656463623046875
S13,16,0,2.3635051908947173,0.01143893221755695,2.2319793701171875,2.4784088134765625,33.479928828648156,0.024961670960204217,33.343536376953125,33.632232666015625
S13,17,0,2.35680422101702,0.01133416732905249,2.2579193115234375,2.486419677734375,33.5198052368164,0.022229432022701646,33.420501708984375,33.656463623046875
S13,18,0,2.3539092290969124,0.011419401980561916,2.21710205078125,2.4814605712890625,33.55124681309292,0.02432851185596297,33.465850830078125,33.697357177734375
S13,19,0,2.361838931129092,0.016001129831370534,2.1686553955078125,2.4776458740234375,33.55276240321568,0.021518044219730165,33.467315673828125,33.69281005859375
S13,20,0,2.365478733607701,0.011347439248773818,2.280426025390625,2.4932861328125,33.55866118222191,0.02107032689274609,33.452239990234375,33.691314697265625
S13,21,0,2.3581640152704146,0.011252740706177624,2.2617340087890625,2.478790283203125,33.554988702683225,0.0225321350445939,33.414459228515625,33.738311767578125
S13,22,0,2.3400505065917967,0.013898844250124977,2.2449493408203125,2.4822235107421875,33.552306432814824,0.021772310333935955,33.452239990234375,33.700439453125
S13,23,0,2.3167752402169364,0.011644568613594305,2.2159576416015625,2.435302734375,33.54565016246978,0.04309792380769813,33.437103271484375,33.744384765625
S13,24,0,2.3331009819394066,0.022244038986850456,2.21099853515625,2.477264404296875,33.67634286789667,0.03272458736666427,33.5640869140625,33.8597412109375
S13,25,0,2.357435607910156,0.013829720859720653,2.2518157958984375,2.484893798828125,33.579760816301615,0.06013827298353308,33.444671630859375,33.82330322265625
S13,26,0,2.3326738448370072,0.011951760686651342,2.223968505859375,2.471923828125,33.54830803426107,0.03444569750554351,33.4461669921875,33.723114013671875
S13,27,0,2.3271467118036178,0.011143954907882473,2.2205352783203125,2.435302734375,33.55866148885091,0.024639761654675903,33.47943115234375,33.70648193359375
S13,28,0,2.325815909249442,0.012473096312447342,2.1991729736328125,2.4555206298828125,33.59733931187221,0.03171133180830042,33.49908447265625,33.808135986328125
S13,29,0,2.322686513264974,0.011456424234349082,2.21099853515625,2.451324462890625,33.61962585885184,0.028893199090473613,33.52325439453125,33.814178466796875
S13,30,0,2.3318351200648717,0.013936243427911284,2.1392822265625,2.4646759033203125,33.68372022356306,0.026565423667992506,33.583770751953125,33.905303955078125
S13,31,0,2.3439102172851562,0.01160197615077176,2.103424072265625,2.4684906005859375,33.70657639131092,0.028768478380142227,33.60498046875,33.9266357421875
S13,32,0,2.3544386364164804,0.01191202769916631,2.252960205078125,2.462005615234375,33.6883236941383,0.024712756950484707,33.617095947265625,33.8597412109375
S13,33,0,2.364949417114258,0.012300261925116986,2.21710205078125,2.504730224609375,33.744571354457314,0.026583525758053127,33.63525390625,33.89923095703125
S13,34,0,2.3761246272495815,0.015254944336841197,2.0961761474609375,2.520751953125,33.78894212123326,0.02638257281494659,33.686737060546875,33.964630126953125
S13,35,0,2.3878205072312126,0.016934036812901135,2.2823333740234375,2.530670166015625,33.84898436337426,0.02944394218670902,33.7125244140625,34.09100341796875
S13,36,0,2.390366981143043,0.01217207710146214,2.2552490234375,2.5302886962890625,33.89740238589332,0.02517447878298802,33.792938232421875,34.118438720703125
S13,37,0,2.386496353149414,0.011365352833082147,2.214813232421875,2.5279998779296875,33.92695335024879,0.0242227651614551,33.824798583984375,34.068115234375
S13,38,0,2.4079150063650947,0.019344643421274045,2.0915985107421875,2.5981903076171875,33.93796059308733,0.024426621522376294,33.853668212890625,34.199249267578125
S13,39,1,3.3519447508312408,0.028510515063255658,3.2131195068359375,3.5297393798828125,34.03706263950893,0.02496444859324835,33.947906494140625,34.1763916015625
S13,40,1,3.436878204345703,0.0494113447011096,3.2695770263671875,3.61175537109375,34.075417666480654,0.026453388675568366,33.981353759765625,34.272552490234375
S13,41,1,3.6180508931477866,0.10185254155543656,3.42864990234375,3.96270751953125,34.15397489856538,0.05170789943671419,34.007232666015625,34.348968505859375
S13,42,1,3.903387650989351,0.09470572745432068,3.6235809326171875,4.1843414306640625,34.30937304251535,0.04125018185429472,34.167205810546875,34.583343505859375
S13,43,1,4.394943564278739,0.21058098032773656,3.951263427734375,4.9892425537109375,34.44236838640486,0.07175549034159674,34.295501708984375,34.669342041015625
S13,44,1,4.68499276297433,0.10790336722668957,4.4330596923828125,5.040740966796875,34.53015536934989,0.030615445633254874,34.430084228515625,34.6846923828125
S13,45,1,5.1602476029168995,0.12744141392634717,4.827880859375,5.5850982666015625,34.585409553164524,0.03221687724844874,34.468353271484375,34.7369384765625
S13,46,1,5.493343026297433,0.129087299357297,5.1853179931640625,5.7708740234375,34.52922872779483,0.061954087111307767,34.34747314453125,34.72467041015625
S13,47,1,6.034427043369838,0.288334677650824,5.4656982421875,6.635284423828125,34.49795797148205,0.04430736101382694,34.345947265625,34.66162109375
S13,48,1,5.788575181506929,0.0806711832248037,5.5408477783203125,6.064605712890625,34.660465015229725,0.07832837327682686,34.46990966796875,34.860076904296875
S13,49,1,5.964220337640672,0.052438888766682665,5.6941986083984375,6.160736083984375,34.66149789283389,0.05516935042140073,34.50665283203125,34.86468505859375
S13,50,1,5.58862909589495,0.12389213480075112,5.3516387939453125,5.9131622314453125,34.517390284946984,0.0458210806687494,34.35662841796875,34.7000732421875
S13,51,1,5.136434155418759,0.11815121822871996,4.9160003662109375,5.6278228759765625,34.34366871715727,0.06518744735328103,34.196197509765625,34.569549560546875
S13,52,1,4.816242000034877,0.08761919181051245,4.5810699462890625,5.0537109375,34.258146532331196,0.032352517308474694,34.141326904296875,34.4071044921875
S13,53,1,4.580062212262835,0.05469424227481706,4.2072296142578125,4.81414794921875,34.19357225835891,0.02632740583850418,34.0772705078125,34.336761474609375
S13,54,1,4.418915267217727,0.04977605611030335,4.1545867919921875,4.5925140380859375,34.21458450172061,0.026386409040074103,34.127593994140625,34.41632080078125
S13,55,1,4.292453983851842,0.03096811088605107,4.0714263916015625,4.44183349609375,34.23528824869792,0.026081890303737042,34.130615234375,34.46221923828125
S13,56,1,4.200811313447498,0.025144446336339606,4.0447235107421875,4.338836669921875,34.254492345900765,0.026814296517268722,34.136749267578125,34.430084228515625
S13,57,1,4.15682122366769,0.03629538919641653,4.01153564453125,4.3399810791015625,34.26666023181733,0.028285686095413754,34.1702880859375,34.42852783203125
S13,58,1,4.16474849155971,0.02242906465910761,4.0340423583984375,4.30450439453125,34.28838918776739,0.027511164658197102,34.139739990234375,34.42852783203125
S13,59,1,4.15265737261091,0.01743723525884475,3.9642333984375,4.282379150390625,34.3020811433338,0.031017721345732472,34.164154052734375,34.4576416015625
S14,0,0,2.82031740461077,0.013428562861375972,2.4822235107421875,2.9399871826171875,32.927373466855,0.03874965477411799,32.761871337890625,33.116058349609375
S14,1,0,2.7981061117989676,0.01335048229004834,2.5318145751953125,2.9209136962890625,33.03624770246233,0.03182456561948531,32.93426513671875,33.2138671875
S14,2,0,2.7815748487200054,0.011057344711945905,2.588653564453125,2.89764404296875,33.12131883312407,0.0297297441683827,33.030364990234375,33.292266845703125
S14,3,0,2.7795716603597005,0.011715231578974698,2.614593505859375,2.9239654541015625,33.19854950532459,0.0278638533325606,33.110015869140625,33.402374267578125
S14,4,0,2.7882393609909784,0.01030546140588774,2.6397705078125,2.93731689453125,33.25802927217029,0.02472189968109001,33.150665283203125,33.411468505859375
S14,5,0,2.789883477347238,0.010187597770579065,2.6782989501953125,2.96478271484375,33.29857671537854,0.021541533029910635,33.1627197265625,33.518707275390625
S14,6,0,2.796213894798642,0.010152604868770655,2.6004791259765625,2.9102325439453125,33.333028702508834,0.023615378554249014,33.242523193359375,33.486968994140625
S14,7,0,2.792929640270415,0.0096551278822403,2.693939208984375,2.9056549072265625,33.37169199480329,0.02174464230337907,33.290740966796875,33.521759033203125
S14,8,0,2.7902390797932943,0.009626316277587978,2.6912689208984375,2.9598236083984375,33.39779890514556,0.02169017394159293,33.29827880859375,33.60040283203125
S14,9,0,2.792804027739025,0.010639935705695954,2.5897979736328125,2.92205810546875,33.434108651297436,0.02409685629394722,33.2998046875,33.5867919921875
S14,10,0,2.8076665605817523,0.011010995744143732,2.71148681640625,2.918243408203125,33.48757882545108,0.02756622353369887,33.37823486328125,33.650390625
S14,11,0,2.803727050054641,0.010991972305638956,2.701568603515625,2.9170989990234375,33.53053963797433,0.021721486822853135,33.415985107421875,33.717071533203125
S14,12,0,2.8004183996291387,0.01010184593639412,2.5905609130859375,2.9285430908203125,33.53836024983724,0.020951135162694316,33.385772705078125,33.744384765625
S14,13,0,2.7956106640043714,0.009632570189016096,2.5989532470703125,2.9117584228515625,33.55499986194429,0.022838530106563677,33.440155029296875,33.691314697265625
S14,14,0,2.8000817253476096,0.00953726402052351,2.616119384765625,2.91900634765625,33.584368511381605,0.02265829253625822,33.47186279296875,33.782318115234375
S14,15,0,2.814465077718099,0.012583713877071488,2.6519775390625,2.95562744140625,33.60319517735073,0.022516453110811525,33.47637939453125,33.744384765625
S14,16,0,2.8210083734421505,0.009802120010625038,2.712249755859375,2.953338623046875,33.625275031680154,0.021645170539722702,33.527801513671875,33.765594482421875
S14,17,0,2.815113576253255,0.01035809681481734,2.6287078857421875,2.94036865234375,33.62694587198893,0.021634412532114174,33.529327392578125,33.76409912109375
S14,18,0,2.8094209943498885,0.009981385584801269,2.7111053466796875,2.9529571533203125,33.63147107078915,0.021852570261497308,33.520263671875,33.803558349609375
S14,19,0,2.810485894339425,0.009606434622643737,2.642059326171875,2.9376983642578125,33.65824280802409,0.02490679984271329,33.541412353515625,33.90380859375
S14,20,0,2.8075636545817058,0.010294776648841358,2.4799346923828125,2.93426513671875,33.70130668422154,0.025276421329895393,33.591339111328125,33.905303955078125
S14,21,0,2.8024678366524833,0.009970242741507374,2.7027130126953125,2.9697418212890625,33.74438716343471,0.025720350935460504,33.657958984375,33.9403076171875
S14,22,0,2.795430446806408,0.01008768976966211,2.503204345703125,2.9178619384765625,33.77493426223028,0.023365567116266688,33.67767333984375,33.920501708984375
S14,23,0,2.792969058808826,0.009905522855417872,2.4669647216796875,2.9132843017578125,33.79955210658482,0.024124533020009532,33.723114013671875,33.941802978515625
S14,24,0,2.7903970445905415,0.0096101482993391,2.6706695556640625,2.9178619384765625,33.81656763857887,0.02326990069535777,33.6685791015625,33.950958251953125
S14,25,0,2.8111304873511904,0.024063010762239143,2.685546875,2.98919677734375,33.81575373622349,0.02421397809243621,33.689788818359375,33.953948974609375
S14,26,0,2.80342777797154,0.00985799942710101,2.66265869140625,2.9544830322265625,33.763930389404294,0.026268915509468572,33.570159912109375,34.055938720703125
S14,27,0,2.8040147690545947,0.009792291125484184,2.6828765869140625,2.9632568359375,33.743539014543806,0.02270482015012194,33.626190185546875,33.884033203125
S14,28,0,2.799247124081566,0.011809633496127838,2.606964111328125,2.9331207275390625,33.7303578258696,0.022972083033549497,33.60040283203125,33.87646484375
S14,29,0,2.831187457130069,0.015269185929227769,2.7210235595703125,2.96173095703125,33.7458985988072,0.025191126596819335,33.63372802734375,33.897735595703125
S14,30,0,2.829067629859561,0.02360685911181352,2.7057647705078125,3.0094146728515625,33.782577582949685,0.023892583399558676,33.67010498046875,33.941802978515625
S14,31,0,2.83772094363258,0.019086282335025188,2.7286529541015625,3.000640869140625,33.79204203578404,0.02300278430213127,33.657958984375,34.008758544921875
S14,32,0,2.820013718377976,0.009641453162985043,2.724456787109375,2.959442138671875,33.81237040056501,0.025278807277925783,33.726165771484375,33.99810791015625
S14,33,0,2.820174335298084,0.009996163110430709,2.5569915771484375,2.977752685546875,33.84057365635463,0.024282247134815194,33.76409912109375,33.987457275390625
S14,34,0,2.8126839229038785,0.010308052478074816,2.675628662109375,2.9376983642578125,33.861899132138205,0.02448288776073895,33.697357177734375,34.011810302734375
S14,35,0,2.8165492648170107,0.013399288034866293,2.623748779296875,2.9449462890625,33.88105136399042,0.024504694562333482,33.773193359375,34.02703857421875
S14,36,0,2.8284061250232515,0.009910426665945878,2.72064208984375,2.962493896484375,33.90102317737398,0.025339121349041073,33.79595947265625,34.092498779296875
S14,37,0,2.8327254885718935,0.013569212666164121,2.6447296142578125,3.008270263671875,33.921080572219125,0.024267008346793458,33.83087158203125,34.09100341796875
S14,38,0,2.8526983351934523,0.010813946423622251,2.69927978515625,2.99530029296875,33.934905449276876,0.0244968320250227,33.839996337890625,34.072723388671875
S14,39,1,3.0330676850818454,0.011386362878222839,2.9148101806640625,3.1703948974609375,33.98488121541341,0.024998131931820062,33.8597412109375,34.12908935546875
S14,40,1,3.0099037352062408,0.016400460225290438,2.8705596923828125,3.1585693359375,33.970485659644716,0.023778400444444094,33.838470458984375,34.107757568359375
S14,41,1,2.988309515090216,0.011330195060448089,2.874755859375,3.1032562255859375,33.978854938325426,0.024131700203257306,33.87188720703125,34.13519287109375
S14,42,1,2.98402962457566,0.010941298594142232,2.7858734130859375,3.11431884765625,33.984515366327194,0.02476324295740805,33.86126708984375,34.136749267578125
S14,43,1,2.978123583112444,0.01149932426325284,2.7667999267578125,3.125,34.018697206043065,0.024660838348961944,33.9007568359375,34.203826904296875
S14,44,1,2.950122233799526,0.011425349819015464,2.8499603271484375,3.10211181640625,34.04081910487584,0.025580142469140196,33.9266357421875,34.191650390625
S14,45,1,2.9596734728131975,0.01315843712193744,2.835845947265625,3.131103515625,34.07427570452009,0.026281088903580174,33.953948974609375,34.267974853515625
S14,46,1,2.9511233556838263,0.012028324486474267,2.61077880859375,3.09600830078125,34.095476507277716,0.025592480005011135,33.990478515625,34.232818603515625
S14,47,1,2.969873065040225,0.010766912279633832,2.803802490234375,3.1223297119140625,34.10573390125093,0.024473160106559408,33.976806640625,34.248138427734375
S14,48,1,2.9703040168398904,0.011542399831644087,2.77099609375,3.1398773193359375,34.11294731794085,0.024708433222802487,33.990478515625,34.263397216796875
S14,49,1,2.971324775332496,0.027017812259687975,2.8423309326171875,3.1391143798828125,34.13807771519252,0.02722162243877433,34.0452880859375,34.31689453125
S14,50,1,2.9919511159261067,0.030068843094884248,2.8350830078125,3.1543731689453125,34.16113274419875,0.02537498608968602,34.0391845703125,34.3321533203125
S14,51,1,2.9608670552571614,0.016712517292574242,2.78472900390625,3.12652587890625,34.18106360444568,0.027612772775780437,34.09100341796875,34.3291015625
S14,52,1,2.95736460004534,0.014599066245829564,2.8369903564453125,3.1124114990234375,34.20856408836728,0.025388363935661257,34.12603759765625,34.338287353515625
S14,53,1,2.9315213521321613,0.010394435402988926,2.785491943359375,3.0994415283203125,34.21783468773251,0.026435476656075815,34.1214599609375,34.393310546875
S14,54,1,2.9263998304094585,0.010241047733078787,2.83050537109375,3.1017303466796875,34.24807295009068,0.028177755734842064,34.127593994140625,34.396392822265625
S14,55,1,2.937010774158296,0.020486186485182405,2.782440185546875,3.1345367431640625,34.27433239746094,0.02790015941155105,34.14434814453125,34.46221923828125
S14,56,1,2.943088713146391,0.011084024586255414,2.8423309326171875,3.1352996826171875,34.2984691133045,0.027905200418386858,34.177886962890625,34.433135986328125
S14,57,1,2.932896005539667,0.009509323412104254,2.732086181640625,3.0666351318359375,34.32553626650856,0.027390294440814266,34.2130126953125,34.5081787109375
S14,58,1,2.934259741646903,0.013246712720452431,2.825927734375,3.0788421630859375,34.34346790713356,0.026805431157398103,34.25726318359375,34.511260986328125
S14,59,1,2.953737585885184,0.015388014872213052,2.742767333984375,3.092193603515625,34.34438876342774,0.026778919311198097,34.185546875,34.52197265625
S15,0,0,1.4417014712379093,0.011651772498127247,1.3698577880859375,1.5552520751953125,33.547762471516926,0.02381217086432484,33.412933349609375,33.69281005859375
S15,1,0,1.4597796485537575,0.011523870028396556,1.3805389404296875,1.570892333984375,33.57826501464844,0.02155608208839415,33.452239990234375,33.735260009765625
S15,2,0,1.4791464487711588,0.01110156465058758,1.4011383056640625,1.59759521484375,33.604999263218474,0.022971776826906758,33.520263671875,33.802001953125
S15,3,0,1.4945248740059989,0.011952198567627465,1.314544677734375,1.604461669921875,33.629061482747396,0.022406167122316297,33.54443359375,33.818756103515625
S15,4,0,1.5148546491350448,0.011401957374640498,1.4362335205078125,1.6048431396484375,33.67047586931501,0.02248142141377605,33.577728271484375,33.811126708984375
S15,5,0,1.5338006882440476,0.010704339996647085,1.450347900390625,1.627349853515625,33.69210878644671,0.02185802586961365,33.555023193359375,33.9007568359375
S15,6,0,1.554596946353004,0.011536871116098012,1.4598846435546875,1.6597747802734375,33.69807399931408,0.024700264787111337,33.617095947265625,33.856689453125
S15,7,0,1.5728739057268415,0.010415547039616965,1.5010833740234375,1.676177978515625,33.718478598458425,0.021213450855652738,33.603485107421875,33.856689453125
S15,8,0,1.5876556396484376,0.010977371839017657,1.5110015869140625,1.6788482666015625,33.70484850056966,0.021516750775737788,33.612548828125,33.839996337890625
S15,9,0,1.6068983895438058,0.012418677396602257,1.52130126953125,1.7131805419921875,33.70973380388532,0.021419328819543657,33.63372802734375,33.843048095703125
S15,10,0,1.618718501499721,0.013321681059885206,1.3530731201171875,1.732635498046875,33.699693237304686,0.025208338972448157,33.60498046875,33.84454345703125
S15,11,0,1.6517789931524367,0.03402598739833408,1.54876708984375,1.7726898193359375,33.67293192109607,0.023030956570555417,33.562591552734375,33.814178466796875
S15,12,0,1.676736286708287,0.020618066612900183,1.5727996826171875,1.7917633056640625,33.67283150227865,0.02266864387324147,33.577728271484375,33.818756103515625
S15,13,0,1.6887391771589007,0.012450998744326048,1.4308929443359375,1.7787933349609375,33.69115647088914,0.021695824029213658,33.5867919921875,33.843048095703125
S15,14,0,1.70678836277553,0.010875294104005414,1.593017578125,1.807403564453125,33.713970261346724,0.02166403598743413,33.609527587890625,33.89013671875
S15,15,0,1.728297878447033,0.010919743651751211,1.6475677490234375,1.81884765625,33.706777586437404,0.02189321126247966,33.632232666015625,33.93115234375
S15,16,0,1.7451760609944662,0.010401260655740626,1.6681671142578125,1.83563232421875,33.73203682309105,0.023587554380737535,33.5853271484375,33.964630126953125
S15,17,0,1.7607537769135975,0.011325895662639751,1.5560150146484375,1.8802642822265625,33.74649715169271,0.02163816671388035,33.621612548828125,33.884033203125
S15,18,0,1.7889900934128535,0.011433928460279467,1.708221435546875,1.9039154052734375,33.75008667282831,0.021507232167022234,33.6610107421875,33.93115234375
S15,19,0,1.8124489193870907,0.01363592376393082,1.6567230224609375,1.937103271484375,33.69729969569615,0.07217008740859945,33.47637939453125,33.884033203125
S15,20,0,1.829335239955357,0.011293056693374095,1.6338348388671875,1.92718505859375,33.38092014567057,0.07956561358871042,33.18377685546875,33.632232666015625
S15,21,0,1.843879191080729,0.010530676370825979,1.66473388671875,1.98822021484375,33.13036965070452,0.04829906398944318,33.0108642578125,33.342010498046875
S15,22,0,1.8556071145193918,0.01424242463033527,1.75933837890625,1.9725799560546875,33.130624886648995,0.033476288464979215,33.02886962890625,33.38726806640625
S15,23,0,1.8768774850027903,0.012293462200176339,1.7604827880859375,1.984405517578125,33.16379573858352,0.019172822470212368,33.0213623046875,33.29376220703125
S15,24,0,1.8938050224667504,0.013800034067066438,1.7940521240234375,2.014923095703125,33.31618867710659,0.1430610758673621,33.058929443359375,33.641326904296875
S15,25,0,1.9195531754266648,0.010630347981026455,1.6979217529296875,2.0420074462890625,33.62284733218238,0.04696762104362937,33.47943115234375,33.84454345703125
S15,26,0,1.936352302914574,0.010700891485525447,1.6971588134765625,2.0404815673828125,33.70680011712937,0.025419492340337895,33.574676513671875,33.93115234375
S15,27,0,1.952002915881929,0.010689122954542038,1.767730712890625,2.0664215087890625,33.745058634440106,0.024058879689761153,33.64886474609375,33.90380859375
S15,28,0,1.9674557640438988,0.010097918207715278,1.7917633056640625,2.0732879638671875,33.77101248168945,0.0228651137254243,33.645843505859375,33.9266357421875
S15,29,0,1.9837045760381788,0.010586689470982253,1.71966552734375,2.0877838134765625,33.78743609473819,0.02447071173876433,33.63372802734375,34.002655029296875
S15,30,0,1.996934309459868,0.014231784030900828,1.911163330078125,2.1183013916015625,33.77695485868908,0.02248523844870629,33.66552734375,33.98895263671875
S15,31,0,2.0278470538911364,0.011328807868546344,1.82342529296875,2.1240234375,33.770281427292595,0.02185303851670123,33.654937744140625,33.9737548828125
S15,32,0,2.048246837797619,0.011185383561664335,1.937103271484375,2.1511077880859375,33.74694388253348,0.025088800894703448,33.638275146484375,33.987457275390625
S15,33,0,2.068887510753813,0.010913756621613068,1.9866943359375,2.16217041015625,33.73338978794643,0.02188757458881207,33.583770751953125,33.870361328125
S15,34,0,2.0846184866768973,0.01062792950097625,1.99127197265625,2.1942138671875,33.735766636439735,0.023203511272318667,33.645843505859375,33.94940185546875
S15,35,0,2.109514163789295,0.014997025625432226,2.0198822021484375,2.2308349609375,33.73529688662575,0.033898293485618146,33.583770751953125,33.95550537109375
S15,36,0,2.118928437005906,0.010838247337341685,1.854705810546875,2.2186279296875,33.75464495704288,0.03840747246231712,33.56561279296875,33.957000732421875
S15,37,0,2.1286326272147043,0.011128938504170365,2.0503997802734375,2.236175537109375,33.81449155970982,0.022274310869153695,33.71856689453125,33.9935302734375
S15,38,1,3.311865470522926,0.02277477768669723,3.1810760498046875,3.453826904296875,34.13910998535156,0.027852763069185726,34.0391845703125,34.27716064453125
S15,39,1,3.2916514623732795,0.012782535104376842,3.1848907470703125,3.400421142578125,34.167418275379,0.026528666715322988,34.02703857421875,34.404052734375
S15,40,1,3.3081507546561104,0.013009473083949863,2.9941558837890625,3.4358978271484375,34.21974777802967,0.03199855404650006,34.058990478515625,34.47296142578125
S15,41,1,3.3229014442080542,0.013441330541034906,3.171539306640625,3.45001220703125,34.270101790655225,0.026545805066918015,34.139739990234375,34.47296142578125
S15,42,1,3.359842009771438,0.024335648407294536,3.2436370849609375,3.4759521484375,34.32262683250791,0.03500083668013464,34.13824462890625,34.59564208984375
S15,43,1,3.383058529808408,0.02405191269836911,3.267669677734375,3.5114288330078125,34.35570189412435,0.02635282426538871,34.2313232421875,34.560333251953125
S15,44,1,3.374596659342448,0.011145705454640904,3.2749176025390625,3.510284423828125,34.38003210885184,0.03215263331255743,34.271026611328125,34.534271240234375
S15,45,1,3.4137359255836124,0.05674786137514074,3.1002044677734375,3.70941162109375,34.401269147600445,0.025662285712449998,34.217559814453125,34.59100341796875
S15,46,1,3.4122569674537298,0.009723085966216459,3.2451629638671875,3.53546142578125,34.413230535598025,0.03067167059623077,34.2786865234375,34.6431884765625
S15,47,1,3.411932845342727,0.010091319765630234,3.3061981201171875,3.522491455078125,34.44541702561151,0.026899200642989847,34.3321533203125,34.7000732421875
S15,48,1,3.4285185132707867,0.009481636232124656,3.2749176025390625,3.54766845703125,34.47203980654762,0.0350442208933435,34.35662841796875,34.6739501953125
S15,49,1,3.4420753115699405,0.009115738665159669,3.316497802734375,3.5518646240234375,34.502317766462056,0.02752210223029951,34.35052490234375,34.693878173828125
S15,50,1,3.448506818498884,0.008759246585038384,3.34625244140625,3.57513427734375,34.513399848574686,0.027806411829973007,34.371917724609375,34.75079345703125
S15,51,1,3.463779067993164,0.011162331592588752,3.3660888671875,3.5785675048828125,34.516952869233634,0.027639617427041217,34.414764404296875,34.76922607421875
S15,52,1,3.483613568260556,0.009126021942386426,3.29437255859375,3.6083221435546875,34.52555449276879,0.02821018749131995,34.433135986328125,34.80926513671875
S15,53,1,3.4969884599958148,0.014967465231848906,3.3054351806640625,3.62091064453125,34.53385968598865,0.028263431535845304,34.41937255859375,34.779998779296875
S15,54,1,3.483923085530599,0.008498343828619697,3.39508056640625,3.60870361328125,34.549844344366164,0.02776471924371586,34.37652587890625,34.81695556640625
S15,55,1,3.4918136778331936,0.009844329217771609,3.3786773681640625,3.6144256591796875,34.555634925478984,0.027691493797713348,34.370391845703125,34.80926513671875
S15,56,1,3.521083995274135,0.012530576233432806,3.4107208251953125,3.64227294921875,34.55573630051386,0.027839016890235747,34.451507568359375,34.73541259765625
S15,57,1,3.542048336210705,0.009445768601068667,3.4091949462890625,3.644561767578125,34.57590796043759,0.02992073607971171,34.445404052734375,34.806182861328125
S15,58,1,3.551421610514323,0.009971443462242411,3.3168792724609375,3.6525726318359375,34.60394784109933,0.02880333159576214,34.445404052734375,34.733856201171875
S15,59,1,3.5646217346191404,0.009052070865042474,3.4816741943359375,3.6773681640625,34.61806040300642,0.028602678101883782,34.50360107421875,34.886260986328125
S16,0,0,0.9733735947381883,0.01327542146420862,0.7183074951171875,1.08795166015625,33.47464517502558,0.03059673163762743,33.35711669921875,33.629180908203125
S16,1,0,0.9660747346423921,0.013282285112691774,0.68511962890625,1.128387451171875,33.529580473400294,0.02363433759572874,33.45068359375,33.673126220703125
S16,2,0,0.9598352341424852,0.013161871378723551,0.7720947265625,1.080322265625,33.5886248139881,0.0279152030123002,33.49603271484375,33.747406005859375
S16,3,0,0.9530167897542318,0.012725459209630774,0.852203369140625,1.0463714599609375,33.63270214698428,0.022378855925159508,33.54901123046875,33.765594482421875
S16,4,0,0.951901608421689,0.013368657207018571,0.6649017333984375,1.053619384765625,33.65711517333985,0.021992682639884745,33.583770751953125,33.79595947265625
S16,5,0,0.9445207141694568,0.013239929075262499,0.6374359130859375,1.0585784912109375,33.68850921921503,0.023704619461085537,33.608001708984375,33.82781982421875
S16,6,0,0.9590949467250279,0.015030764785040972,0.8464813232421875,1.0921478271484375,33.72718274361747,0.02592009752921539,33.642822265625,33.87646484375
S16,7,0,0.9750068664550782,0.013377141346132182,0.88958740234375,1.0906219482421875,33.785081752232145,0.027012142656805786,33.691314697265625,33.929656982421875
S16,8,0,0.9695073990594774,0.013311697364222174,0.8052825927734375,1.0833740234375,33.82573575410389,0.02375787734222565,33.744384765625,33.96612548828125
S16,9,0,0.9728951045445033,0.012720677366115507,0.867462158203125,1.0711669921875,33.81216582089379,0.02625634577834083,33.717071533203125,33.957000732421875
S16,10,0,0.9760201772054037,0.013141040613806542,0.8937835693359375,1.1089324951171875,33.80730903116862,0.02452843848745653,33.726165771484375,33.953948974609375
S16,11,0,0.972311528523763,0.013099220756958163,0.8777618408203125,1.0639190673828125,33.8414900483631,0.02456137235012107,33.75347900390625,33.981353759765625
S16,12,0,0.9742293221609933,0.013195144955346716,0.8625030517578125,1.0997772216796875,33.87114700462705,0.0269512760745336,33.788360595703125,34.02703857421875
S16,13,0,0.984073984055292,0.012900096583522692,0.81329345703125,1.111602783203125,33.873865491594586,0.025876115444253917,33.7899169921875,34.02093505859375
S16,14,0,0.984395999000186,0.012867443295114852,0.7961273193359375,1.0875701904296875,33.8386143871489,0.028046218211000323,33.7413330078125,33.987457275390625
S16,15,0,0.9861588432675317,0.012748882406138941,0.861358642578125,1.111602783203125,33.82564188929967,0.02468105465210423,33.744384765625,33.969207763671875
S16,16,0,0.9854505811418806,0.012763462050327728,0.7617950439453125,1.0814666748046875,33.851717462448846,0.023571923657419416,33.777740478515625,33.996551513671875
S16,17,0,0.9848316192626954,0.012823107389046679,0.8998870849609375,1.1077880859375,33.87533043561663,0.024853883572177514,33.782318115234375,34.01483154296875
S16,18,0,0.9820438566662016,0.013042515242999072,0.7938385009765625,1.0799407958984375,33.86669035266694,0.024101095678372965,33.786865234375,34.004180908203125
S16,19,0,0.9777317228771392,0.01283396546308691,0.8197784423828125,1.11236572265625,33.86259589349656,0.023738919239170833,33.788360595703125,33.99505615234375
S16,20,0,0.9734333038330079,0.012835621457047202,0.885772705078125,1.076507568359375,33.86463383265904,0.02368177203632794,33.7899169921875,34.004180908203125
S16,21,0,0.9684585026332311,0.012917388326566937,0.81329345703125,1.0715484619140625,33.8756898164295,0.02394432453407129,33.79901123046875,34.0133056640625
S16,22,0,0.9782010033017113,0.01315419910252979,0.878143310546875,1.0852813720703125,33.88137813895089,0.03031573567888579,33.7899169921875,34.042236328125
S16,23,0,0.969104512532552,0.013572425263410796,0.8563995361328125,1.07421875,33.943447684151785,0.02764542329981962,33.850616455078125,34.09100341796875
S16,24,0,0.9630892254057385,0.013057125511497977,0.8235931396484375,1.076507568359375,33.97302230834961,0.02444476508284921,33.88861083984375,34.109283447265625
S16,25,0,0.9646050771077473,0.013072525160063924,0.8731842041015625,1.0852813720703125,33.980963880266465,0.024018783252570973,33.90838623046875,34.109283447265625
S16,26,0,0.9680112929571243,0.012780511001929352,0.87890625,1.0936737060546875,33.97662819126674,0.02535038215340138,33.88861083984375,34.115386962890625
S16,27,0,0.9629462832496279,0.012909669668367532,0.7884979248046875,1.062774658203125,33.94691038149879,0.024711276091947957,33.862762451171875,34.100128173828125
S16,28,0,0.9584217253185454,0.013024805284392595,0.7293701171875,1.085662841796875,33.93374864705404,0.02348508876015626,33.856689453125,34.069671630859375
S16,29,0,0.963847169421968,0.013036055901194513,0.8701324462890625,1.05438232421875,33.91530359903971,0.025306324262664697,33.8323974609375,34.057464599609375
S16,30,0,0.9639822278703962,0.012848920479651285,0.72784423828125,1.0955810546875,33.89910748145694,0.024144610421281455,33.79595947265625,34.054443359375
S16,31,0,0.9657756805419921,0.012735165760559386,0.872802734375,1.09405517578125,33.88342400396438,0.024121792796800403,33.808135986328125,34.0194091796875
S16,32,0,0.9651248750232515,0.0128902173674933,0.8609771728515625,1.0807037353515625,33.92791519310361,0.0340913306845606,33.81719970703125,34.09100341796875
S16,33,0,0.9625687190464565,0.01282184768715639,0.775909423828125,1.0700225830078125,33.981995679582866,0.02466124837840507,33.89923095703125,34.123016357421875
S16,34,0,0.9614647274925595,0.01307023255995841,0.8831024169921875,1.1119842529296875,33.9870789562407,0.02477842166090717,33.905303955078125,34.12451171875
S16,35,0,0.9672309148879278,0.012950103026793646,0.8701324462890625,1.0684967041015625,33.96871306646438,0.026107716932345027,33.88555908203125,34.112335205078125
S16,36,0,0.9697473616827101,0.012887520869796706,0.7648468017578125,1.071929931640625,33.99550036621094,0.024453346280443627,33.915924072265625,34.123016357421875
S16,37,0,1.0098498753138951,0.020233553870442098,0.6771087646484375,1.1173248291015625,33.99753282528832,0.02563725855587655,33.881011962890625,34.133697509765625
S16,38,1,2.731540552775065,0.0535989518745094,2.4967193603515625,2.9552459716796875,34.07348102387928,0.02720504080969366,33.9737548828125,34.216064453125
S16,39,1,2.8252020881289526,0.052266899817862915,2.5150299072265625,3.0391693115234375,34.11540004039946,0.02714293686276201,34.01788330078125,34.2557373046875
S16,40,1,3.0160762968517485,0.08462079752835414,2.7866363525390625,3.26080322265625,34.15916678437733,0.049232451798433066,34.042236328125,34.35968017578125
S16,41,1,2.97065057300386,0.04955417496059638,2.797698974609375,3.1818389892578125,34.29184400285993,0.0320940185685772,34.174835205078125,34.437713623046875
S16,42,1,3.0710630871000744,0.0438185385823639,2.936553955078125,3.2611846923828125,34.31631904384068,0.02670404742498932,34.2252197265625,34.445404052734375
S16,43,1,3.1737289065406435,0.05700398610905218,3.0059814453125,3.3939361572265625,34.2987634379069,0.027098280905026993,34.206878662109375,34.44232177734375
S16,44,1,3.3646841321672714,0.07190940726403171,3.179931640625,3.58123779296875,34.29643263026646,0.02802493200499443,34.20538330078125,34.433135986328125
S16,45,1,3.610933194841657,0.04174999323526206,3.437042236328125,3.7616729736328125,34.30499388195219,0.027074119950110644,34.214508056640625,34.44232177734375
S16,46,1,3.795417694818406,0.0737737484365837,3.6151885986328125,4.0283203125,34.271244335356215,0.027096477518043692,34.188568115234375,34.4010009765625
S16,47,1,4.048170652843657,0.10874365636606095,3.8372039794921875,4.4841766357421875,34.28506824893043,0.028881405192397912,34.193145751953125,34.437713623046875
S16,48,1,4.069629360380627,0.06066713271178639,3.9154052734375,4.34112548828125,34.333447932652064,0.026795423428595217,34.240478515625,34.46221923828125
S16,49,1,4.207789720807757,0.04340934899905759,4.0531158447265625,4.3674468994140625,34.32131198992048,0.027660544256124863,34.2252197265625,34.4576416015625
S16,50,1,4.3253241039457775,0.035441601060856504,4.074859619140625,4.4769287109375,34.2685986487979,0.03272357517495975,34.1611328125,34.417816162109375
S16,51,1,4.4546097528366815,0.04787387349776352,4.3064117431640625,4.66461181640625,34.21874376278832,0.027611992205953687,34.12451171875,34.36273193359375
S16,52,1,4.579993002755302,0.021774739554892755,4.459381103515625,4.7122955322265625,34.178728380475725,0.027854360253835562,34.08489990234375,34.322998046875
S16,53,1,4.6440176645914715,0.03338348094303613,4.3621063232421875,4.7992706298828125,34.143423547653924,0.02677615211803843,34.0452880859375,34.2908935546875
S16,54,1,4.706085750034878,0.040725571441464194,4.4727325439453125,4.9076080322265625,34.11004743594215,0.02622962064039189,34.02093505859375,34.258819580078125
S16,55,1,4.729897199358259,0.05958261757923037,4.55474853515625,4.9488067626953125,34.092912651425316,0.02472427356340668,34.007232666015625,34.228271484375
S16,56,1,4.761247053600493,0.0393278346689649,4.569244384765625,4.9205780029296875,34.095952113560266,0.02467727249489746,34.007232666015625,34.2252197265625
S16,57,1,4.890486562819708,0.10659368862818146,4.6436309814453125,5.16510009765625,34.10385521443685,0.024817755868498922,34.02093505859375,34.242034912109375
S16,58,1,4.889877991449265,0.1058700457633863,4.723358154296875,5.3234100341796875,34.11920302327474,0.024636439123768006,34.02703857421875,34.252716064453125
S17,0,0,5.387248938424246,0.031810314424124964,5.1361083984375,5.4931640625,32.82500460670108,0.05591994888272959,32.663116455078125,33.036376953125
S17,1,0,5.322042846679688,0.009695327236509345,5.26580810546875,5.3943634033203125,32.925062103271486,0.024703968258939914,32.821807861328125,33.0784912109375
S17,2,0,5.31214477902367,0.009050747277245533,5.057525634765625,5.37872314453125,32.949056540352956,0.01912728266934411,32.878753662109375,33.09051513671875
S17,3,0,5.3234800974528,0.009185463687851428,5.271148681640625,5.4080963134765625,33.00082242838542,0.034795609522723224,32.854766845703125,33.159698486328125
S17,4,0,5.3122542971656435,0.010237609597287756,5.1609039306640625,5.4157257080078125,33.06249158150809,0.024036249082412087,32.95526123046875,33.204864501953125
S17,5,0,5.300342850458055,0.008070721733873918,5.129241943359375,5.3821563720703125,33.11062744721912,0.02210007026409547,32.98834228515625,33.2606201171875
S17,6,0,5.291663633074079,0.008012197424785683,5.23834228515625,5.3592681884765625,33.149958644321984,0.02061735437207634,33.082977294921875,33.301300048828125
S17,7,0,5.289773414248512,0.007516141490517717,5.236053466796875,5.3668975830078125,33.18461052158901,0.021230452663989555,33.075469970703125,33.343536376953125
S17,8,0,5.304090009416853,0.009150210982966648,5.2459716796875,5.3714752197265625,33.22849736822219,0.019648578699510245,33.14312744140625,33.403900146484375
S17,9,0,5.313331622169131,0.008239404412217712,5.078887939453125,5.38177490234375,33.28151112293062,0.029216137101666276,33.17926025390625,33.432586669921875
S17,10,0,5.319253431047712,0.008551161504859087,5.194854736328125,5.384063720703125,33.32568216233027,0.02063738184818174,33.18829345703125,33.47186279296875
S17,11,0,5.321079235985166,0.00921741794402838,5.2089691162109375,5.40618896484375,33.35980098179409,0.022602993273284206,33.271148681640625,33.50360107421875
S17,12,0,5.32315784635998,0.008945880482785582,5.269622802734375,5.400848388671875,33.38259742518834,0.02078276068262058,33.23199462890625,33.54901123046875
S17,13,0,5.329631932576498,0.009978963675691545,5.158233642578125,5.4073333740234375,33.41051545497349,0.02268082620584977,33.328460693359375,33.57623291015625
S17,14,0,5.335053816295805,0.008872148148447714,5.2448272705078125,5.40313720703125,33.43861267525809,0.020313572788292,33.3721923828125,33.5853271484375
S17,15,0,5.350641214279902,0.009853771944793041,5.272674560546875,5.4248809814453125,33.451898296537856,0.027672925709705705,33.2998046875,33.598907470703125
S17,16,0,5.365244275047665,0.00823247749407697,5.2520751953125,5.4607391357421875,33.25067666190011,0.05322574489964336,33.08746337890625,33.515716552734375
S17,17,0,5.383337801978701,0.008574616732979922,5.3249359130859375,5.4454803466796875,33.33480042230515,0.029618899298731363,33.200347900390625,33.49603271484375
S17,18,0,5.384318942115421,0.007470615797541061,5.3253173828125,5.4584503173828125,33.37183080618722,0.02127760170221056,33.257568359375,33.521759033203125
S17,19,0,5.3937398638044085,0.014410000305111546,5.2051544189453125,5.4645538330078125,33.39694972446986,0.021435993830520847,33.290740966796875,33.54443359375
S17,20,0,5.436066999889555,0.0172566291580734,5.3863525390625,5.5202484130859375,33.43619735717773,0.022246546340665706,33.345001220703125,33.59588623046875
S17,21,0,5.456017357962472,0.010371920217348781,5.2677154541015625,5.5225372314453125,33.46740216209775,0.0221652881755889,33.3299560546875,33.657958984375
S17,22,0,5.461671665736607,0.008381098488753893,5.408477783203125,5.5263519287109375,33.49814356195359,0.022855745623398014,33.414459228515625,33.6943359375
S17,23,0,5.466367321922665,0.007496148751130265,5.2402496337890625,5.5400848388671875,33.50407064964658,0.023531207767484522,33.390289306640625,33.6837158203125
S17,24,0,5.475311878749302,0.008804191954599631,5.426025390625,5.5385589599609375,33.531136484781904,0.021149843233900942,33.402374267578125,33.6943359375
S17,25,0,5.500756236485072,0.03021289719026154,5.3272247314453125,5.6201934814453125,33.54880606224423,0.021994435035863454,33.444671630859375,33.723114013671875
S17,26,0,5.527214558919271,0.010965602048173548,5.336761474609375,5.60302734375,33.5792522757394,0.026054934412066477,33.486968994140625,33.730712890625
S17,27,0,5.5424063001360215,0.014490348141990133,5.3379058837890625,5.6156158447265625,33.61436773100353,0.02745158698371022,33.44317626953125,33.7899169921875
S17,28,0,5.528625869750977,0.01003424402350177,5.42449951171875,5.6056976318359375,33.6506476789202,0.022249989277906914,33.577728271484375,33.79595947265625
S17,29,0,5.526626296270461,0.009016500003355741,5.4779052734375,5.5942535400390625,33.64237574695405,0.022236825789488865,33.5640869140625,33.79595947265625
S17,30,0,5.517224339076451,0.007674863474350358,5.37567138671875,5.5896759033203125,33.65433454386393,0.022615059075731154,33.552001953125,33.86883544921875
S17,31,0,5.520880272274925,0.007722018277700364,5.381011962890625,5.596160888671875,33.67746290079753,0.02206440837825604,33.54901123046875,33.849090576171875
S17,32,0,5.516935766310919,0.0074198576089449415,5.4653167724609375,5.5782318115234375,33.69554672531854,0.023064640920342903,33.53533935546875,33.897735595703125
S17,33,0,5.531089728219168,0.007528367826139605,5.486297607421875,5.5942535400390625,33.71898949323381,0.022051432426486942,33.603485107421875,33.850616455078125
S17,34,0,5.536732119605655,0.007333583293290071,5.403900146484375,5.61065673828125,33.738637467157275,0.02164843325128291,33.6397705078125,33.92205810546875
S17,35,0,5.601310348510742,0.07079629676275542,5.490875244140625,5.8078765869140625,33.62575813656762,0.0635241428031021,33.49151611328125,33.89617919921875
S17,36,0,5.567164884294782,0.025418456731330197,5.4103851318359375,5.6793212890625,33.59277652558826,0.027304224025852013,33.46429443359375,33.814178466796875
S17,37,0,5.588149879092262,0.02274647486204187,5.458831787109375,5.6789398193359375,33.60895057314918,0.022707829609760203,33.500579833984375,33.771697998046875
S17,38,1,7.108791551135835,0.02610327778298174,7.036590576171875,7.2345733642578125,34.00644998168945,0.029334584680951462,33.83087158203125,34.148895263671875
S17,39,1,7.067625082106817,0.010612159565001826,6.9087982177734375,7.1380615234375,34.052949643089654,0.027563375964120382,33.9676513671875,34.2130126953125
S17,40,1,7.076946621849423,0.025084849046587743,7.0240020751953125,7.2231292724609375,34.11698605201358,0.02834035586918256,33.999603271484375,34.264892578125
S17,41,1,7.1740934281122115,0.01241586401621454,7.0125579833984375,7.253265380859375,34.18742634800502,0.049169611760354094,34.0513916015625,34.365814208984375
S17,42,1,7.195696549188523,0.030854669725811298,7.0697784423828125,7.28759765625,34.23395296950567,0.03454633985325835,34.118438720703125,34.374969482421875
S17,43,1,7.196158490862165,0.015081647312003047,7.01751708984375,7.2803497314453125,34.20427725074405,0.03524744962295436,34.106201171875,34.433135986328125
S17,44,1,7.23115116301037,0.025489584623611405,7.16094970703125,7.3451995849609375,34.30643049548921,0.03325107745546038,34.164154052734375,34.463775634765625
S17,45,1,7.304107938494001,0.02738173903107114,7.1620941162109375,7.4909210205078125,34.36286550176711,0.03342029495878642,34.228271484375,34.52813720703125
S17,46,1,7.446064485822405,0.027650831250368463,7.210540771484375,7.5649261474609375,34.279603208996,0.03668684624834248,34.12603759765625,34.43621826171875
S17,47,1,7.442746425810315,0.016375877284807678,7.3505401611328125,7.515716552734375,34.32804263886951,0.03086493107976155,34.2313232421875,34.47906494140625
S17,48,1,7.4414586930047895,0.014825586892994624,7.387542724609375,7.5222015380859375,34.345157588413784,0.035135646136692296,34.22216796875,34.509765625
S17,49,1,7.427270925612676,0.037662175105534726,7.341766357421875,7.5252532958984375,34.238945154099234,0.05352033298245261,34.101654052734375,34.42547607421875
S17,50,1,7.422438031151181,0.03937472929908588,7.314300537109375,7.5351715087890625,34.221284715924945,0.04895655133854942,34.100128173828125,34.396392822265625
S17,51,1,7.355710529145741,0.01302896572661495,7.3101043701171875,7.4283599853515625,34.27493850417364,0.03123172002196033,34.16571044921875,34.417816162109375
S17,52,1,7.35859854561942,0.016277222389257703,7.2750091552734375,7.4680328369140625,34.30663239687965,0.030480737669484743,34.206878662109375,34.45611572265625
S17,53,1,7.327945164271763,0.02640372795567211,7.13653564453125,7.42340087890625,34.34978853498186,0.03563991448549673,34.22674560546875,34.509765625
S17,54,1,7.286900293259394,0.016855259745436935,7.0674896240234375,7.40203857421875,34.347586020333424,0.031146534154919667,34.248138427734375,34.50054931640625
S17,55,1,7.269222059704009,0.013271534441971261,7.209014892578125,7.3642730712890625,34.41325606718517,0.03350567907636642,34.2908935546875,34.56646728515625
S17,56,1,7.26507435753232,0.021854101188100723,7.207489013671875,7.3673248291015625,34.438140625,0.0318691948751753,34.33062744140625,34.60174560546875
S17,57,1,7.269750377110072,0.013458668240339911,7.2174072265625,7.3444366455078125,34.513969097319105,0.03228005762823887,34.411712646484375,34.666229248046875
S17,58,1,7.285746456327892,0.026741656744924205,7.0404052734375,7.402801513671875,34.539233350481304,0.031686460513754656,34.42547607421875,34.687744140625
S17,59,1,7.327327528454009,0.02917589146861869,7.27386474609375,7.4466705322265625,34.53079525320871,0.03617174831791418,34.413238525390625,34.71234130859375
S17,60,1,7.337080964587984,0.01672553681069314,7.2040557861328125,7.4115753173828125,34.56703273664202,0.029024921985629278,34.47296142578125,34.707733154296875
